id_cliente,edad,antiguedad_meses,ingreso_mensual,tipo_producto,monto_cuota,tasa_interes_anual,porcentaje_uso_linea,dias_retraso_promedio,frecuencia_retrasos_6m,target_moroso
CUST-00001,59,51,2012.4,Prestamo Personal,597.81,23.9,0.17,15,5,0
CUST-00002,49,39,1582.81,Prestamo Personal,210.84,22.7,0.84,10,0,0
CUST-00003,35,51,2550.0,Microcredito,313.36,24.8,0.52,9,4,0
CUST-00004,63,70,1875.62,Tarjeta de Credito,190.83,19.9,0.35,10,4,0
CUST-00005,28,6,2123.11,Microcredito,278.37,20.4,0.33,12,1,0
CUST-00006,41,67,3360.1,Tarjeta de Credito,475.3,38.7,0.47,14,1,0
CUST-00007,59,7,3005.69,Tarjeta de Credito,679.64,26.5,0.95,52,2,1
CUST-00008,39,51,1716.99,Tarjeta de Credito,247.15,28.1,0.29,14,1,0
CUST-00009,43,72,2781.51,Tarjeta de Credito,289.57,32.8,0.19,10,3,0
CUST-00010,31,42,2606.22,Prestamo Personal,691.49,32.7,0.6,10,1,0
CUST-00011,31,64,3861.36,Tarjeta de Credito,668.48,17.0,0.52,12,1,0
CUST-00012,44,116,3606.52,Tarjeta de Credito,615.77,39.9,0.55,10,3,0
CUST-00013,56,15,1273.0,Microcredito,204.31,20.3,0.67,13,0,0
CUST-00014,60,111,3188.9,Microcredito,940.96,36.7,0.33,11,3,0
CUST-00015,44,29,3512.16,Microcredito,470.71,38.2,0.87,7,4,0
CUST-00016,23,33,2947.49,Microcredito,824.26,36.4,0.47,10,3,0
CUST-00017,42,116,2231.67,Prestamo Personal,569.88,32.4,0.21,12,2,0
CUST-00018,22,94,4430.72,Tarjeta de Credito,510.84,15.4,0.73,8,4,0
CUST-00019,44,103,3021.13,Tarjeta de Credito,898.32,25.8,0.65,5,1,0
CUST-00020,64,27,4081.24,Prestamo Personal,629.63,33.1,0.37,18,4,0
CUST-00021,50,36,3581.18,Tarjeta de Credito,428.73,26.6,0.63,17,0,0
CUST-00022,58,29,2871.31,Prestamo Personal,763.37,40.9,0.29,11,0,0
CUST-00023,22,38,2036.24,Tarjeta de Credito,491.42,24.3,0.48,14,3,0
CUST-00024,41,57,2480.72,Tarjeta de Credito,554.3,23.8,0.86,9,4,0
CUST-00025,53,97,2322.47,Prestamo Personal,304.7,23.0,0.21,8,1,0
CUST-00026,32,101,1528.38,Prestamo Personal,299.1,25.0,0.43,13,0,0
CUST-00027,42,27,3020.23,Prestamo Personal,773.51,31.7,0.8,11,5,0
CUST-00028,64,55,3753.88,Prestamo Personal,603.34,36.2,0.92,67,3,1
CUST-00029,45,33,2261.36,Tarjeta de Credito,367.1,34.9,0.49,9,5,0
CUST-00030,47,68,4230.93,Tarjeta de Credito,425.75,39.2,0.53,12,2,0
CUST-00031,62,86,1253.93,Microcredito,169.09,41.6,0.59,15,5,0
CUST-00032,48,66,3343.49,Prestamo Personal,919.73,39.5,0.89,6,0,0
CUST-00033,36,10,3837.22,Tarjeta de Credito,722.74,15.6,0.83,12,3,0
CUST-00034,35,5,2336.78,Microcredito,693.67,37.1,0.25,13,2,0
CUST-00035,64,74,2351.15,Tarjeta de Credito,421.19,21.3,0.47,8,4,0
CUST-00036,23,97,3334.21,Tarjeta de Credito,810.34,19.0,0.49,12,1,0
CUST-00037,57,118,2904.79,Tarjeta de Credito,454.26,34.2,0.77,91,2,1
CUST-00038,27,38,902.07,Prestamo Personal,155.84,24.6,0.61,6,2,0
CUST-00039,41,13,1825.3,Prestamo Personal,252.16,16.7,0.66,15,2,0
CUST-00040,29,31,2489.16,Tarjeta de Credito,421.69,19.1,0.95,50,2,1
CUST-00041,59,47,1404.24,Microcredito,294.11,15.0,0.16,5,4,0
CUST-00042,38,100,2120.66,Tarjeta de Credito,632.71,42.1,0.29,13,4,0
CUST-00043,24,109,1424.25,Tarjeta de Credito,331.62,15.7,0.45,11,3,0
CUST-00044,45,88,2203.86,Tarjeta de Credito,308.21,21.3,0.4,9,5,0
CUST-00045,34,52,2230.7,Tarjeta de Credito,243.13,27.5,0.12,14,4,0
CUST-00046,29,56,2781.4,Tarjeta de Credito,348.43,25.7,0.18,12,3,0
CUST-00047,46,15,2426.59,Prestamo Personal,515.68,42.4,0.68,14,5,0
CUST-00048,22,29,2902.23,Microcredito,734.36,16.2,0.85,62,4,1
CUST-00049,40,8,2806.84,Prestamo Personal,808.61,30.4,0.54,8,0,0
CUST-00050,48,5,3325.07,Tarjeta de Credito,343.03,35.4,0.56,11,4,0
CUST-00051,27,29,3199.03,Tarjeta de Credito,654.37,43.0,0.32,13,3,0
CUST-00052,64,47,3114.5,Tarjeta de Credito,604.75,33.6,0.75,8,2,0
CUST-00053,28,68,4983.89,Tarjeta de Credito,1152.33,39.1,0.74,14,4,0
CUST-00054,55,76,2777.92,Prestamo Personal,588.69,17.5,0.6,10,1,0
CUST-00055,34,45,4574.86,Tarjeta de Credito,1086.11,26.6,0.28,11,2,0
CUST-00056,37,2,2829.77,Prestamo Personal,655.42,26.2,0.18,10,4,0
CUST-00057,56,27,2433.72,Microcredito,300.33,41.6,0.15,18,2,0
CUST-00058,60,95,2201.47,Tarjeta de Credito,572.26,19.5,0.6,15,0,0
CUST-00059,24,115,3707.78,Microcredito,462.16,19.6,0.8,13,0,0
CUST-00060,22,115,3812.4,Prestamo Personal,913.86,24.9,0.83,57,2,1
CUST-00061,26,36,2979.83,Prestamo Personal,545.99,16.6,0.49,12,5,0
CUST-00062,62,36,3406.84,Prestamo Personal,690.81,20.5,0.77,4,1,0
CUST-00063,24,26,1478.22,Tarjeta de Credito,414.88,44.0,0.9,55,2,1
CUST-00064,49,43,1260.98,Tarjeta de Credito,350.52,27.8,0.33,10,1,0
CUST-00065,38,27,3497.06,Tarjeta de Credito,921.72,34.0,0.44,9,0,0
CUST-00066,46,69,2398.55,Tarjeta de Credito,484.58,36.8,0.89,50,6,1
CUST-00067,64,20,3099.44,Prestamo Personal,766.33,26.0,0.39,10,2,0
CUST-00068,54,11,1926.17,Tarjeta de Credito,390.2,19.4,0.88,78,6,1
CUST-00069,30,74,3825.59,Microcredito,1047.91,21.2,0.93,72,6,1
CUST-00070,56,104,1267.67,Prestamo Personal,228.88,24.4,0.66,11,0,0
CUST-00071,34,38,1391.53,Tarjeta de Credito,409.18,34.1,0.79,9,4,0
CUST-00072,51,6,3655.45,Tarjeta de Credito,1047.16,26.9,0.74,9,0,0
CUST-00073,35,72,800.0,Microcredito,198.66,15.2,0.69,9,0,0
CUST-00074,28,23,2802.86,Microcredito,436.92,30.7,0.36,12,3,0
CUST-00075,34,47,2414.14,Prestamo Personal,304.98,42.6,0.15,9,3,0
CUST-00076,43,90,1911.24,Tarjeta de Credito,517.83,39.4,0.39,14,3,0
CUST-00077,60,46,2340.05,Tarjeta de Credito,311.37,39.8,0.67,12,1,0
CUST-00078,41,107,1821.98,Tarjeta de Credito,493.49,38.9,0.19,15,3,0
CUST-00079,36,12,3733.8,Tarjeta de Credito,739.86,24.7,0.11,13,0,0
CUST-00080,38,90,3943.6,Prestamo Personal,715.02,38.0,0.22,16,5,0
CUST-00081,44,13,1951.41,Prestamo Personal,547.64,19.3,0.71,11,5,0
CUST-00082,46,104,2720.42,Prestamo Personal,600.59,34.7,0.93,61,4,1
CUST-00083,45,62,1439.94,Microcredito,310.05,34.2,0.94,59,5,1
CUST-00084,61,82,3358.44,Prestamo Personal,711.16,15.8,0.52,13,5,0
CUST-00085,49,89,3337.61,Tarjeta de Credito,581.52,38.6,0.84,11,3,0
CUST-00086,35,97,2263.79,Tarjeta de Credito,582.09,42.1,0.73,7,2,0
CUST-00087,21,111,2513.51,Microcredito,378.43,23.0,0.53,13,5,0
CUST-00088,45,104,2424.99,Tarjeta de Credito,697.86,39.4,0.59,63,2,1
CUST-00089,27,60,1205.23,Microcredito,336.01,17.5,0.22,12,1,0
CUST-00090,29,43,3736.8,Microcredito,625.9,33.0,0.9,67,5,1
CUST-00091,44,76,1886.44,Tarjeta de Credito,463.86,29.6,0.4,12,5,0
CUST-00092,21,108,1891.88,Prestamo Personal,406.08,31.4,0.48,12,5,0
CUST-00093,64,100,2379.66,Microcredito,398.66,42.8,0.67,9,2,0
CUST-00094,28,112,3296.44,Prestamo Personal,981.36,41.1,0.38,12,0,0
CUST-00095,44,68,2026.96,Microcredito,212.93,38.6,0.32,15,4,0
CUST-00096,31,5,938.25,Microcredito,141.23,23.2,0.64,13,5,0
CUST-00097,37,37,1790.4,Tarjeta de Credito,365.27,42.4,0.12,11,1,0
CUST-00098,28,72,2839.31,Tarjeta de Credito,580.33,17.9,0.71,13,2,0
CUST-00099,55,106,4251.8,Microcredito,925.99,40.6,0.54,11,5,0
CUST-00100,55,113,1492.06,Prestamo Personal,373.52,24.8,0.61,13,5,0
CUST-00101,53,92,1462.8,Tarjeta de Credito,328.68,16.6,0.64,10,2,0
CUST-00102,25,31,1289.92,Tarjeta de Credito,283.86,35.1,0.55,7,2,0
CUST-00103,62,9,1190.62,Prestamo Personal,131.81,21.9,0.6,9,3,0
CUST-00104,59,118,3464.55,Microcredito,607.36,22.3,0.68,8,5,0
CUST-00105,61,51,3695.75,Microcredito,541.1,24.2,0.74,13,4,0
CUST-00106,48,29,2642.2,Prestamo Personal,404.45,16.9,0.72,10,1,0
CUST-00107,27,78,2125.83,Tarjeta de Credito,448.27,20.3,0.84,80,2,1
CUST-00108,29,40,3932.92,Tarjeta de Credito,550.22,15.2,0.26,13,0,0
CUST-00109,28,41,2639.13,Microcredito,419.07,28.4,0.44,7,4,0
CUST-00110,32,86,3371.55,Tarjeta de Credito,497.02,17.5,0.91,53,4,1
CUST-00111,54,11,2086.84,Tarjeta de Credito,604.56,35.5,0.44,13,2,0
CUST-00112,53,23,2535.4,Tarjeta de Credito,732.56,22.1,0.21,9,2,0
CUST-00113,43,1,1510.13,Prestamo Personal,335.23,43.3,0.55,12,5,0
CUST-00114,44,46,3003.4,Microcredito,855.68,41.1,0.19,21,2,0
CUST-00115,57,101,2652.75,Tarjeta de Credito,682.19,23.7,0.27,16,2,0
CUST-00116,55,21,1784.35,Tarjeta de Credito,388.97,38.5,0.95,55,6,1
CUST-00117,64,90,1795.11,Prestamo Personal,181.82,39.1,0.56,7,5,0
CUST-00118,60,110,3792.77,Microcredito,965.27,44.6,0.34,10,4,0
CUST-00119,42,36,4077.34,Tarjeta de Credito,980.59,32.9,0.95,71,5,1
CUST-00120,47,54,2329.49,Tarjeta de Credito,519.59,17.5,0.92,53,6,1
CUST-00121,55,87,2554.2,Tarjeta de Credito,643.88,34.4,0.47,10,1,0
CUST-00122,21,57,2820.09,Microcredito,571.31,33.7,0.32,10,2,0
CUST-00123,55,1,2618.43,Tarjeta de Credito,630.56,34.2,0.81,11,3,0
CUST-00124,57,63,1160.56,Tarjeta de Credito,333.12,24.2,0.71,11,0,0
CUST-00125,34,54,2842.3,Prestamo Personal,497.86,40.8,0.68,14,4,0
CUST-00126,23,55,829.69,Prestamo Personal,200.47,43.8,0.86,7,3,0
CUST-00127,21,115,1913.85,Tarjeta de Credito,373.46,21.5,0.69,13,5,0
CUST-00128,25,40,2904.34,Microcredito,682.17,17.6,0.34,9,2,0
CUST-00129,46,15,2980.0,Tarjeta de Credito,752.68,20.8,0.69,83,4,1
CUST-00130,34,21,1851.94,Prestamo Personal,202.03,39.6,0.36,10,2,0
CUST-00131,59,47,2133.25,Tarjeta de Credito,489.2,35.3,0.75,8,3,0
CUST-00132,47,73,2024.93,Prestamo Personal,294.32,34.1,0.63,11,2,0
CUST-00133,29,53,2417.72,Tarjeta de Credito,565.76,27.1,0.17,10,5,0
CUST-00134,35,9,2478.56,Microcredito,480.01,32.3,0.54,10,3,0
CUST-00135,35,74,3034.77,Prestamo Personal,772.99,24.2,0.39,8,2,0
CUST-00136,46,52,2086.48,Prestamo Personal,260.14,29.3,0.38,14,0,0
CUST-00137,62,57,2798.72,Prestamo Personal,630.45,38.8,0.61,12,0,0
CUST-00138,33,117,2905.61,Prestamo Personal,452.39,44.4,0.37,7,1,0
CUST-00139,52,26,2658.63,Tarjeta de Credito,719.42,43.0,0.76,12,2,0
CUST-00140,59,41,2292.32,Tarjeta de Credito,654.86,43.0,0.16,12,2,0
CUST-00141,52,35,2644.52,Microcredito,791.45,27.1,0.66,12,3,0
CUST-00142,24,63,3101.39,Tarjeta de Credito,803.88,29.1,0.79,12,3,0
CUST-00143,50,116,3171.35,Prestamo Personal,795.21,36.2,0.67,13,2,0
CUST-00144,57,25,3952.3,Microcredito,565.57,42.7,0.52,15,1,0
CUST-00145,43,90,1707.98,Tarjeta de Credito,285.58,19.3,0.91,9,2,0
CUST-00146,59,75,2147.99,Prestamo Personal,414.86,24.1,0.35,11,5,0
CUST-00147,35,38,1209.23,Tarjeta de Credito,307.96,19.2,0.12,6,3,0
CUST-00148,63,2,3244.81,Prestamo Personal,918.26,33.4,0.47,18,2,0
CUST-00149,49,7,2232.39,Tarjeta de Credito,307.69,24.2,0.13,11,3,0
CUST-00150,56,82,2664.95,Tarjeta de Credito,758.11,24.8,0.91,76,4,1
CUST-00151,33,91,2016.53,Prestamo Personal,482.2,17.1,0.28,7,4,0
CUST-00152,52,34,2238.64,Microcredito,497.32,25.5,0.77,80,5,1
CUST-00153,27,91,3478.55,Prestamo Personal,486.89,40.9,0.76,12,1,0
CUST-00154,42,17,3055.39,Prestamo Personal,339.47,22.0,0.29,11,4,0
CUST-00155,48,43,2410.78,Tarjeta de Credito,515.17,35.9,0.63,14,5,0
CUST-00156,22,59,3114.25,Prestamo Personal,717.22,33.9,0.14,8,2,0
CUST-00157,62,108,3131.92,Tarjeta de Credito,445.22,40.9,0.51,11,5,0
CUST-00158,26,51,2186.86,Microcredito,462.06,19.0,0.11,13,3,0
CUST-00159,48,54,1324.74,Microcredito,359.4,44.3,0.88,77,6,1
CUST-00160,48,24,1780.67,Prestamo Personal,475.46,32.5,0.93,75,6,1
CUST-00161,64,25,1427.58,Microcredito,407.53,44.9,0.29,10,1,0
CUST-00162,64,71,3431.55,Tarjeta de Credito,594.27,42.3,0.28,8,3,0
CUST-00163,40,52,3570.49,Prestamo Personal,584.17,21.6,0.74,6,4,0
CUST-00164,50,70,3769.1,Tarjeta de Credito,941.84,16.7,0.32,17,5,0
CUST-00165,31,117,884.36,Microcredito,164.69,22.7,0.86,11,4,0
CUST-00166,48,88,3357.12,Tarjeta de Credito,394.49,30.8,0.59,11,4,0
CUST-00167,45,33,4269.75,Prestamo Personal,668.47,20.1,0.4,18,5,0
CUST-00168,59,49,3389.59,Microcredito,622.72,20.0,0.81,11,0,0
CUST-00169,53,29,800.0,Tarjeta de Credito,126.8,28.9,0.52,17,2,0
CUST-00170,21,63,3914.64,Tarjeta de Credito,651.56,16.0,0.87,11,3,0
CUST-00171,47,107,2533.35,Prestamo Personal,402.18,18.7,0.89,6,3,0
CUST-00172,33,22,2314.08,Tarjeta de Credito,250.61,27.5,0.24,13,3,0
CUST-00173,61,26,2860.88,Tarjeta de Credito,650.62,16.9,0.1,10,4,0
CUST-00174,23,28,1660.79,Tarjeta de Credito,364.47,26.9,0.94,69,6,1
CUST-00175,59,114,2502.23,Tarjeta de Credito,577.21,29.2,0.87,73,4,1
CUST-00176,26,85,3796.34,Microcredito,525.65,28.5,0.15,10,1,0
CUST-00177,28,49,2997.92,Prestamo Personal,477.06,41.1,0.81,12,3,0
CUST-00178,47,71,2546.72,Tarjeta de Credito,570.27,30.9,0.49,11,5,0
CUST-00179,29,81,2571.69,Tarjeta de Credito,565.58,29.0,0.32,15,2,0
CUST-00180,57,84,1554.88,Tarjeta de Credito,312.94,27.3,0.85,47,4,1
CUST-00181,53,105,2380.01,Tarjeta de Credito,404.8,39.5,0.27,17,0,0
CUST-00182,62,49,1192.56,Tarjeta de Credito,337.0,41.9,0.91,68,6,1
CUST-00183,64,20,3317.95,Tarjeta de Credito,557.26,40.6,0.27,16,3,0
CUST-00184,44,118,800.0,Tarjeta de Credito,152.9,35.2,0.62,14,4,0
CUST-00185,35,86,3183.92,Prestamo Personal,750.2,19.1,0.29,11,2,0
CUST-00186,52,92,3283.53,Tarjeta de Credito,684.96,23.3,0.56,11,2,0
CUST-00187,52,63,3555.01,Prestamo Personal,602.14,16.4,0.68,16,1,0
CUST-00188,44,61,2569.49,Prestamo Personal,480.83,42.9,0.26,14,0,0
CUST-00189,61,104,3233.3,Prestamo Personal,837.09,34.8,0.54,13,2,0
CUST-00190,32,49,2372.2,Prestamo Personal,369.18,37.4,0.5,17,2,0
CUST-00191,59,71,1550.64,Prestamo Personal,199.18,24.3,0.16,17,4,0
CUST-00192,22,1,3724.59,Microcredito,605.74,40.4,0.8,67,6,1
CUST-00193,23,96,2422.49,Prestamo Personal,653.85,22.8,0.39,16,1,0
CUST-00194,57,13,1372.39,Prestamo Personal,161.66,15.0,0.59,11,5,0
CUST-00195,37,94,2126.55,Microcredito,634.43,26.3,0.54,15,1,0
CUST-00196,22,87,2158.14,Prestamo Personal,449.33,32.1,0.54,16,1,0
CUST-00197,22,51,2869.36,Tarjeta de Credito,852.11,29.4,0.19,13,4,0
CUST-00198,48,56,4377.64,Tarjeta de Credito,1259.88,40.9,0.46,16,5,0
CUST-00199,43,83,2917.93,Tarjeta de Credito,556.05,18.2,0.48,13,4,0
CUST-00200,57,62,2665.48,Microcredito,372.36,31.6,0.72,6,0,0
CUST-00201,52,32,4464.62,Prestamo Personal,593.69,30.4,0.81,7,3,0
CUST-00202,53,30,3283.11,Microcredito,485.89,23.4,0.56,16,3,0
CUST-00203,21,29,2703.4,Prestamo Personal,654.29,39.7,0.17,12,0,0
CUST-00204,39,49,2116.47,Tarjeta de Credito,327.19,37.6,0.3,12,3,0
CUST-00205,22,45,2752.96,Tarjeta de Credito,463.28,37.0,0.24,11,5,0
CUST-00206,64,93,2446.89,Prestamo Personal,464.31,41.3,0.21,11,4,0
CUST-00207,46,30,2573.15,Prestamo Personal,727.29,36.7,0.41,11,3,0
CUST-00208,52,16,3551.52,Microcredito,489.68,22.0,0.29,11,5,0
CUST-00209,26,40,2067.74,Tarjeta de Credito,208.85,36.2,0.29,11,4,0
CUST-00210,52,19,2910.83,Prestamo Personal,326.07,24.2,0.15,18,5,0
CUST-00211,24,18,3259.15,Prestamo Personal,915.67,22.3,0.12,23,0,0
CUST-00212,31,1,1970.31,Prestamo Personal,452.19,17.2,0.19,15,1,0
CUST-00213,37,78,1841.9,Prestamo Personal,284.77,37.3,0.25,13,0,0
CUST-00214,58,115,2379.73,Prestamo Personal,322.31,36.3,0.47,9,3,0
CUST-00215,44,47,2130.7,Tarjeta de Credito,338.47,22.0,0.53,12,4,0
CUST-00216,25,114,3421.87,Prestamo Personal,420.75,37.5,0.22,12,5,0
CUST-00217,54,66,1698.59,Prestamo Personal,489.71,42.5,0.46,12,3,0
CUST-00218,26,118,2554.78,Microcredito,656.17,18.2,0.39,11,3,0
CUST-00219,42,92,4536.84,Microcredito,873.24,22.0,0.26,10,1,0
CUST-00220,31,113,2830.45,Tarjeta de Credito,772.69,37.5,0.11,16,3,0
CUST-00221,36,114,2963.43,Tarjeta de Credito,444.19,23.2,0.5,10,1,0
CUST-00222,53,94,3428.55,Microcredito,834.59,33.7,0.68,14,4,0
CUST-00223,29,38,2129.64,Prestamo Personal,577.61,17.4,0.29,9,4,0
CUST-00224,26,51,1634.86,Microcredito,280.14,28.6,0.21,14,5,0
CUST-00225,36,63,2641.21,Tarjeta de Credito,664.25,37.2,0.85,83,3,1
CUST-00226,49,4,2712.32,Prestamo Personal,431.3,35.6,0.33,10,0,0
CUST-00227,23,1,1205.43,Microcredito,192.59,39.5,0.29,14,4,0
CUST-00228,40,8,2800.06,Microcredito,339.96,41.3,0.83,61,6,1
CUST-00229,56,29,3355.88,Tarjeta de Credito,630.94,38.2,0.79,63,2,1
CUST-00230,39,55,1769.64,Prestamo Personal,435.23,35.1,0.48,6,4,0
CUST-00231,46,103,2848.44,Prestamo Personal,820.48,16.0,0.52,8,4,0
CUST-00232,23,3,3213.81,Tarjeta de Credito,709.48,31.0,0.29,18,5,0
CUST-00233,39,32,2969.34,Prestamo Personal,809.52,16.1,0.17,12,5,0
CUST-00234,40,10,3044.8,Prestamo Personal,805.35,39.2,0.59,14,2,0
CUST-00235,52,74,2304.16,Microcredito,310.3,24.6,0.18,13,3,0
CUST-00236,27,83,1598.0,Tarjeta de Credito,315.07,31.9,0.48,13,3,0
CUST-00237,61,110,2142.28,Tarjeta de Credito,264.32,23.4,0.9,52,2,1
CUST-00238,53,34,2031.15,Tarjeta de Credito,480.23,38.5,0.91,6,3,0
CUST-00239,60,97,2435.79,Tarjeta de Credito,706.33,41.6,0.3,14,0,0
CUST-00240,59,87,3374.62,Tarjeta de Credito,429.99,27.0,0.63,10,4,0
CUST-00241,38,55,1450.53,Prestamo Personal,357.96,40.9,0.5,13,2,0
CUST-00242,60,92,2615.4,Tarjeta de Credito,592.25,23.0,0.84,10,2,0
CUST-00243,21,32,1649.28,Microcredito,357.43,31.0,0.33,10,4,0
CUST-00244,31,50,1907.96,Microcredito,339.66,40.8,0.1,6,5,0
CUST-00245,48,7,2946.99,Prestamo Personal,504.01,24.8,0.24,12,1,0
CUST-00246,45,93,1548.04,Microcredito,168.81,43.6,0.4,13,1,0
CUST-00247,43,8,3087.4,Prestamo Personal,443.29,18.7,0.37,16,3,0
CUST-00248,51,65,1418.27,Prestamo Personal,146.13,15.5,0.77,15,5,0
CUST-00249,50,57,3033.58,Tarjeta de Credito,656.11,42.1,0.68,14,0,0
CUST-00250,62,119,1260.37,Tarjeta de Credito,152.72,17.1,0.35,11,2,0
CUST-00251,55,67,2005.75,Prestamo Personal,550.79,44.8,0.49,10,3,0
CUST-00252,27,88,4017.2,Microcredito,822.03,43.5,0.18,12,4,0
CUST-00253,36,87,3866.84,Tarjeta de Credito,927.8,19.1,0.86,8,5,0
CUST-00254,46,59,2169.98,Microcredito,395.31,31.1,0.9,7,2,0
CUST-00255,22,72,2811.97,Prestamo Personal,596.46,20.5,0.93,65,2,1
CUST-00256,21,54,3463.25,Tarjeta de Credito,999.26,27.8,0.84,9,0,0
CUST-00257,32,111,3045.04,Microcredito,354.89,16.8,0.25,9,1,0
CUST-00258,25,101,2281.23,Prestamo Personal,343.98,21.7,0.14,13,3,0
CUST-00259,57,67,1901.09,Tarjeta de Credito,486.67,25.9,0.59,10,4,0
CUST-00260,52,51,3194.48,Prestamo Personal,382.53,28.2,0.88,11,2,0
CUST-00261,29,97,3404.56,Tarjeta de Credito,391.97,44.3,0.25,6,0,0
CUST-00262,61,92,3872.56,Prestamo Personal,667.27,39.2,0.11,15,2,0
CUST-00263,55,111,1150.2,Tarjeta de Credito,136.22,37.1,0.78,7,4,0
CUST-00264,39,8,1497.5,Tarjeta de Credito,324.98,31.1,0.17,12,2,0
CUST-00265,36,34,3429.54,Microcredito,498.16,40.2,0.45,10,3,0
CUST-00266,23,35,1258.78,Prestamo Personal,351.38,25.2,0.68,6,1,0
CUST-00267,40,96,3490.84,Tarjeta de Credito,896.1,36.3,0.3,10,2,0
CUST-00268,44,88,2328.05,Tarjeta de Credito,558.59,44.8,0.17,11,5,0
CUST-00269,53,78,2083.27,Microcredito,465.38,24.4,0.75,53,3,1
CUST-00270,44,32,2664.34,Tarjeta de Credito,726.55,35.2,0.64,15,4,0
CUST-00271,31,46,1423.71,Tarjeta de Credito,205.89,40.3,0.94,69,3,1
CUST-00272,28,107,3159.21,Tarjeta de Credito,867.59,42.5,0.39,16,2,0
CUST-00273,56,16,3851.71,Tarjeta de Credito,993.35,36.5,0.15,12,2,0
CUST-00274,58,68,3196.46,Microcredito,797.94,23.5,0.72,8,5,0
CUST-00275,60,116,2302.79,Prestamo Personal,488.77,24.8,0.54,11,0,0
CUST-00276,40,37,1269.57,Tarjeta de Credito,189.48,15.6,0.28,18,5,0
CUST-00277,55,54,1300.33,Prestamo Personal,240.18,37.8,0.76,11,2,0
CUST-00278,45,85,1436.29,Tarjeta de Credito,371.59,16.3,0.27,18,1,0
CUST-00279,55,14,2490.18,Microcredito,264.84,40.9,0.32,10,5,0
CUST-00280,45,95,2590.72,Microcredito,664.29,18.6,0.18,11,5,0
CUST-00281,49,55,3194.75,Tarjeta de Credito,472.87,20.2,0.44,15,0,0
CUST-00282,38,48,1063.18,Microcredito,137.0,29.3,0.46,11,2,0
CUST-00283,38,82,3548.97,Prestamo Personal,437.02,37.1,0.54,7,2,0
CUST-00284,22,7,3055.53,Tarjeta de Credito,322.21,19.2,0.7,8,4,0
CUST-00285,55,74,2238.53,Tarjeta de Credito,458.27,28.2,0.87,6,0,0
CUST-00286,36,7,1548.19,Tarjeta de Credito,222.4,29.5,0.22,11,4,0
CUST-00287,61,33,3499.31,Prestamo Personal,1042.4,21.4,0.15,4,4,0
CUST-00288,56,23,2259.92,Microcredito,485.63,18.5,0.12,17,4,0
CUST-00289,53,85,2483.98,Prestamo Personal,316.9,40.1,0.22,13,3,0
CUST-00290,24,19,2806.89,Microcredito,667.35,30.1,0.66,55,6,1
CUST-00291,53,112,1769.44,Prestamo Personal,494.64,15.4,0.72,76,6,1
CUST-00292,34,19,2274.26,Microcredito,566.37,39.1,0.77,62,3,1
CUST-00293,41,36,3192.25,Prestamo Personal,368.03,44.4,0.31,11,5,0
CUST-00294,40,29,3111.28,Tarjeta de Credito,868.6,33.2,0.36,6,5,0
CUST-00295,28,60,3118.49,Prestamo Personal,807.02,30.1,0.51,14,2,0
CUST-00296,27,82,1575.86,Microcredito,207.48,41.4,0.15,11,3,0
CUST-00297,23,2,2310.74,Tarjeta de Credito,255.01,43.6,0.62,11,4,0
CUST-00298,37,1,2182.88,Microcredito,461.6,37.6,0.94,41,4,1
CUST-00299,53,47,2840.14,Tarjeta de Credito,372.65,28.4,0.41,13,0,0
CUST-00300,32,69,2768.53,Prestamo Personal,738.97,32.8,0.74,10,0,0
CUST-00301,42,20,2624.34,Microcredito,450.51,36.0,0.53,9,2,0
CUST-00302,42,11,4472.59,Tarjeta de Credito,1263.86,20.8,0.21,11,1,0
CUST-00303,50,106,2267.36,Tarjeta de Credito,483.26,28.4,0.59,14,2,0
CUST-00304,58,2,2173.74,Tarjeta de Credito,296.79,39.9,0.35,7,2,0
CUST-00305,58,67,1574.6,Microcredito,201.42,34.6,0.13,12,3,0
CUST-00306,28,87,1269.72,Tarjeta de Credito,273.36,27.3,0.64,5,0,0
CUST-00307,47,119,1523.75,Microcredito,384.56,34.9,0.83,63,2,1
CUST-00308,47,12,1925.05,Tarjeta de Credito,493.39,18.5,0.39,21,4,0
CUST-00309,54,20,3548.06,Microcredito,550.49,27.0,0.43,12,5,0
CUST-00310,41,5,2531.33,Microcredito,356.54,38.8,0.86,10,2,0
CUST-00311,50,37,2654.66,Tarjeta de Credito,274.36,21.6,0.79,7,2,0
CUST-00312,53,38,2422.98,Prestamo Personal,571.44,20.6,0.71,13,1,0
CUST-00313,48,94,2792.24,Tarjeta de Credito,321.98,43.5,0.31,15,0,0
CUST-00314,53,9,3621.66,Prestamo Personal,666.94,21.3,0.87,78,3,1
CUST-00315,25,98,904.86,Tarjeta de Credito,199.37,22.8,0.23,6,3,0
CUST-00316,39,53,3474.67,Tarjeta de Credito,998.7,44.1,0.63,8,4,0
CUST-00317,24,44,800.0,Tarjeta de Credito,129.89,37.0,0.12,14,1,0
CUST-00318,55,99,2522.56,Tarjeta de Credito,378.27,36.0,0.65,9,0,0
CUST-00319,37,116,4253.53,Tarjeta de Credito,981.85,40.6,0.34,11,3,0
CUST-00320,64,86,3044.53,Prestamo Personal,681.51,18.5,0.48,14,2,0
CUST-00321,48,108,2798.45,Microcredito,465.72,36.2,0.39,16,3,0
CUST-00322,50,24,4101.56,Tarjeta de Credito,1171.49,30.1,0.25,7,5,0
CUST-00323,49,81,1937.55,Prestamo Personal,521.15,39.9,0.63,12,1,0
CUST-00324,26,74,2847.17,Tarjeta de Credito,412.26,30.2,0.85,11,0,0
CUST-00325,55,30,2962.49,Microcredito,437.94,33.6,0.92,9,1,0
CUST-00326,61,59,2082.08,Microcredito,421.54,29.3,0.26,10,2,0
CUST-00327,57,110,2152.71,Microcredito,548.33,29.3,0.71,14,2,0
CUST-00328,44,87,2064.98,Microcredito,224.69,38.0,0.66,12,0,0
CUST-00329,49,96,2569.85,Tarjeta de Credito,613.34,33.9,0.39,16,5,0
CUST-00330,51,81,2937.35,Microcredito,674.55,34.0,0.12,13,4,0
CUST-00331,55,114,2598.58,Prestamo Personal,380.16,28.5,0.69,17,3,0
CUST-00332,53,115,3067.57,Tarjeta de Credito,724.78,30.9,0.9,74,5,1
CUST-00333,41,81,924.68,Microcredito,266.34,37.4,0.64,6,2,0
CUST-00334,52,14,2325.4,Tarjeta de Credito,254.3,39.8,0.47,13,1,0
CUST-00335,43,9,1681.26,Prestamo Personal,275.61,35.9,0.55,7,1,0
CUST-00336,53,40,2741.38,Tarjeta de Credito,514.38,42.7,0.27,14,5,0
CUST-00337,23,66,2729.53,Tarjeta de Credito,763.86,39.6,0.74,13,4,0
CUST-00338,38,109,2407.5,Prestamo Personal,704.08,31.9,0.73,12,1,0
CUST-00339,45,25,2908.22,Prestamo Personal,549.14,35.1,0.22,13,3,0
CUST-00340,62,103,3298.25,Tarjeta de Credito,824.58,42.8,0.85,77,3,1
CUST-00341,51,73,2451.58,Tarjeta de Credito,505.84,33.6,0.33,6,4,0
CUST-00342,23,118,1658.64,Microcredito,344.26,39.7,0.93,67,5,1
CUST-00343,60,22,1234.99,Tarjeta de Credito,192.19,35.7,0.43,12,1,0
CUST-00344,44,107,2528.89,Tarjeta de Credito,362.62,31.6,0.25,10,3,0
CUST-00345,52,110,2693.49,Microcredito,424.5,22.3,0.4,7,2,0
CUST-00346,42,4,1724.38,Microcredito,364.3,27.8,0.47,11,2,0
CUST-00347,43,26,3080.61,Tarjeta de Credito,326.02,44.0,0.16,14,5,0
CUST-00348,22,58,2132.83,Prestamo Personal,600.28,34.7,0.59,13,2,0
CUST-00349,47,29,1174.85,Microcredito,154.21,31.9,0.61,15,1,0
CUST-00350,62,109,3505.15,Microcredito,504.8,43.0,0.73,70,6,1
CUST-00351,22,98,3415.19,Prestamo Personal,695.52,32.6,0.12,9,3,0
CUST-00352,46,87,887.52,Tarjeta de Credito,214.8,30.8,0.56,11,0,0
CUST-00353,37,37,2049.92,Tarjeta de Credito,244.24,37.8,0.14,16,2,0
CUST-00354,60,75,2018.73,Tarjeta de Credito,330.14,36.4,0.7,16,2,0
CUST-00355,53,70,3811.59,Prestamo Personal,1119.6,20.8,0.15,15,0,0
CUST-00356,29,18,2420.57,Tarjeta de Credito,369.06,29.1,0.87,58,2,1
CUST-00357,63,85,1303.3,Prestamo Personal,211.93,29.2,0.7,16,1,0
CUST-00358,59,42,3205.68,Tarjeta de Credito,856.88,26.3,0.53,17,3,0
CUST-00359,49,100,1515.38,Tarjeta de Credito,166.76,30.5,0.48,14,2,0
CUST-00360,62,41,2291.73,Microcredito,442.13,27.4,0.21,6,4,0
CUST-00361,46,38,1884.18,Tarjeta de Credito,331.47,21.0,0.35,16,1,0
CUST-00362,55,34,2051.64,Tarjeta de Credito,335.07,27.4,0.84,83,3,1
CUST-00363,45,17,3249.81,Microcredito,510.67,17.2,0.87,10,4,0
CUST-00364,44,37,3717.06,Tarjeta de Credito,439.63,32.3,0.1,8,4,0
CUST-00365,33,25,1480.51,Prestamo Personal,241.27,40.6,0.61,6,5,0
CUST-00366,27,102,3000.86,Prestamo Personal,325.92,36.8,0.71,16,4,0
CUST-00367,56,76,1913.8,Tarjeta de Credito,490.3,25.8,0.63,8,0,0
CUST-00368,40,87,1938.66,Microcredito,348.27,17.6,0.17,9,2,0
CUST-00369,21,117,2892.51,Prestamo Personal,546.05,21.1,0.29,12,5,0
CUST-00370,28,106,1677.68,Tarjeta de Credito,467.6,31.4,0.31,20,0,0
CUST-00371,36,86,2876.48,Tarjeta de Credito,666.22,21.2,0.81,9,5,0
CUST-00372,34,85,3084.09,Tarjeta de Credito,313.38,31.3,0.49,9,2,0
CUST-00373,32,27,2153.97,Microcredito,621.71,21.9,0.51,13,5,0
CUST-00374,43,57,3561.66,Tarjeta de Credito,525.09,40.5,0.89,9,0,0
CUST-00375,35,31,1481.74,Prestamo Personal,180.07,26.9,0.64,12,3,0
CUST-00376,48,6,3576.32,Prestamo Personal,907.05,22.4,0.86,54,4,1
CUST-00377,54,91,944.81,Prestamo Personal,189.05,39.4,0.49,15,1,0
CUST-00378,22,40,4659.77,Tarjeta de Credito,870.23,25.3,0.23,14,2,0
CUST-00379,52,98,2175.04,Tarjeta de Credito,326.04,18.3,0.89,66,4,1
CUST-00380,43,12,1570.15,Prestamo Personal,328.94,32.1,0.49,11,2,0
CUST-00381,42,109,2313.86,Tarjeta de Credito,358.36,32.4,0.25,11,3,0
CUST-00382,45,53,1662.82,Tarjeta de Credito,466.12,36.4,0.36,8,0,0
CUST-00383,42,71,2809.57,Tarjeta de Credito,401.88,22.2,0.14,12,1,0
CUST-00384,42,10,3594.13,Tarjeta de Credito,995.11,28.3,0.5,16,0,0
CUST-00385,62,45,1705.24,Microcredito,361.31,23.5,0.83,11,5,0
CUST-00386,26,17,2963.52,Tarjeta de Credito,787.4,17.4,0.89,69,6,1
CUST-00387,35,26,1273.81,Tarjeta de Credito,308.99,41.3,0.89,72,6,1
CUST-00388,63,85,3326.36,Tarjeta de Credito,796.13,36.9,0.21,13,0,0
CUST-00389,57,92,2832.99,Prestamo Personal,467.07,24.0,0.42,16,4,0
CUST-00390,53,62,3360.95,Prestamo Personal,493.32,33.0,0.12,9,3,0
CUST-00391,28,46,2402.12,Tarjeta de Credito,341.53,21.0,0.83,12,4,0
CUST-00392,64,64,2151.87,Prestamo Personal,584.1,41.7,0.4,13,5,0
CUST-00393,64,2,3152.89,Prestamo Personal,832.63,18.4,0.64,10,3,0
CUST-00394,25,54,1453.56,Microcredito,273.44,15.1,0.71,11,0,0
CUST-00395,59,107,1105.74,Microcredito,139.86,30.1,0.47,16,5,0
CUST-00396,24,65,2496.03,Tarjeta de Credito,440.43,32.5,0.36,15,0,0
CUST-00397,26,51,2188.32,Tarjeta de Credito,489.9,32.4,0.92,89,5,1
CUST-00398,52,53,2943.07,Tarjeta de Credito,561.78,16.6,0.92,71,2,1
CUST-00399,50,36,3373.24,Tarjeta de Credito,863.68,24.4,0.35,11,0,0
CUST-00400,55,115,2926.41,Microcredito,876.53,30.0,0.51,18,1,0
CUST-00401,60,26,3309.52,Tarjeta de Credito,457.46,21.5,0.93,75,6,1
CUST-00402,36,29,2756.84,Tarjeta de Credito,529.12,41.2,0.1,11,4,0
CUST-00403,33,21,2895.68,Prestamo Personal,539.17,17.6,0.45,14,4,0
CUST-00404,62,11,2406.67,Prestamo Personal,387.23,29.6,0.19,12,2,0
CUST-00405,50,40,2872.04,Tarjeta de Credito,400.99,35.7,0.53,9,1,0
CUST-00406,39,11,2633.32,Tarjeta de Credito,297.93,22.9,0.12,13,5,0
CUST-00407,37,36,2760.14,Tarjeta de Credito,765.73,33.7,0.45,19,5,0
CUST-00408,39,113,2366.62,Prestamo Personal,435.39,39.9,0.29,11,5,0
CUST-00409,48,59,3147.14,Tarjeta de Credito,627.47,20.7,0.55,15,4,0
CUST-00410,46,39,1931.64,Tarjeta de Credito,547.4,42.5,0.95,46,6,1
CUST-00411,57,104,2485.32,Prestamo Personal,634.4,31.6,0.78,62,3,1
CUST-00412,46,99,3549.43,Tarjeta de Credito,447.58,24.0,0.82,10,0,0
CUST-00413,43,54,1741.02,Prestamo Personal,370.98,27.9,0.64,16,4,0
CUST-00414,29,98,800.0,Tarjeta de Credito,150.76,24.4,0.14,21,5,0
CUST-00415,32,55,2793.17,Tarjeta de Credito,724.67,36.8,0.28,14,0,0
CUST-00416,21,111,2294.44,Microcredito,561.79,38.9,0.89,67,6,1
CUST-00417,21,24,3308.69,Prestamo Personal,787.74,40.0,0.41,14,3,0
CUST-00418,54,118,2395.59,Tarjeta de Credito,402.72,44.6,0.19,8,2,0
CUST-00419,52,22,2016.53,Prestamo Personal,526.3,38.7,0.7,7,4,0
CUST-00420,45,69,2439.35,Prestamo Personal,269.5,33.0,0.35,7,3,0
CUST-00421,60,56,3374.45,Prestamo Personal,445.17,25.2,0.33,23,1,0
CUST-00422,21,33,2960.3,Tarjeta de Credito,494.74,31.3,0.95,52,5,1
CUST-00423,36,36,800.0,Microcredito,92.29,16.2,0.83,52,3,1
CUST-00424,59,111,2648.61,Tarjeta de Credito,389.34,37.3,0.45,7,4,0
CUST-00425,25,20,2688.61,Tarjeta de Credito,715.25,28.4,0.93,56,3,1
CUST-00426,42,83,2485.4,Tarjeta de Credito,719.9,15.6,0.65,13,3,0
CUST-00427,49,99,2011.29,Tarjeta de Credito,323.66,16.9,0.73,15,2,0
CUST-00428,23,116,3455.63,Microcredito,528.38,26.6,0.13,7,0,0
CUST-00429,32,107,3495.23,Tarjeta de Credito,545.18,32.5,0.2,8,0,0
CUST-00430,46,81,800.0,Tarjeta de Credito,124.44,28.9,0.64,10,2,0
CUST-00431,36,62,1861.63,Microcredito,199.54,33.6,0.86,68,6,1
CUST-00432,57,109,2384.22,Tarjeta de Credito,680.42,29.4,0.63,14,0,0
CUST-00433,42,107,3258.81,Tarjeta de Credito,465.16,34.9,0.21,11,4,0
CUST-00434,49,98,2527.88,Tarjeta de Credito,465.13,21.6,0.2,8,5,0
CUST-00435,34,73,1953.12,Tarjeta de Credito,199.1,18.4,0.82,12,4,0
CUST-00436,48,26,3067.63,Tarjeta de Credito,833.14,32.9,0.22,8,3,0
CUST-00437,25,66,2330.93,Prestamo Personal,573.95,29.5,0.54,13,3,0
CUST-00438,50,117,2406.08,Tarjeta de Credito,696.2,15.8,0.13,12,5,0
CUST-00439,25,73,2478.27,Tarjeta de Credito,635.24,26.4,0.17,8,5,0
CUST-00440,32,73,2959.45,Prestamo Personal,481.62,18.2,0.67,14,5,0
CUST-00441,36,40,2253.16,Prestamo Personal,337.02,30.9,0.69,15,5,0
CUST-00442,46,17,3049.56,Tarjeta de Credito,730.5,26.9,0.39,17,1,0
CUST-00443,46,1,2441.54,Prestamo Personal,421.95,33.4,0.28,7,5,0
CUST-00444,41,89,1646.39,Tarjeta de Credito,351.08,39.2,0.79,9,5,0
CUST-00445,59,61,2470.58,Tarjeta de Credito,250.15,24.0,0.28,7,3,0
CUST-00446,56,43,1687.83,Prestamo Personal,189.67,43.9,0.56,13,4,0
CUST-00447,53,104,2532.79,Tarjeta de Credito,524.47,31.1,0.92,79,5,1
CUST-00448,50,42,3163.58,Microcredito,674.52,33.5,0.23,10,0,0
CUST-00449,57,25,1641.1,Tarjeta de Credito,410.75,35.4,0.9,78,3,1
CUST-00450,43,39,2791.42,Prestamo Personal,352.82,35.0,0.26,5,1,0
CUST-00451,30,35,1836.77,Tarjeta de Credito,372.2,30.3,0.58,14,4,0
CUST-00452,25,3,2661.36,Prestamo Personal,369.64,27.9,0.42,13,5,0
CUST-00453,56,114,3188.16,Prestamo Personal,378.24,16.6,0.92,62,5,1
CUST-00454,54,101,800.0,Microcredito,145.68,15.7,0.33,7,0,0
CUST-00455,51,108,1608.42,Tarjeta de Credito,213.38,25.7,0.44,18,3,0
CUST-00456,30,44,2204.82,Prestamo Personal,318.28,25.0,0.94,42,6,1
CUST-00457,39,51,2752.03,Prestamo Personal,449.99,26.6,0.56,12,5,0
CUST-00458,52,94,2366.89,Prestamo Personal,359.48,19.2,0.53,11,2,0
CUST-00459,21,102,2463.3,Prestamo Personal,289.48,37.1,0.32,17,3,0
CUST-00460,25,98,4134.39,Prestamo Personal,487.79,40.7,0.7,12,4,0
CUST-00461,24,12,1530.03,Tarjeta de Credito,212.14,43.2,0.11,13,3,0
CUST-00462,36,19,3408.39,Tarjeta de Credito,375.3,29.8,0.14,14,1,0
CUST-00463,44,101,2220.02,Tarjeta de Credito,500.15,36.0,0.61,11,0,0
CUST-00464,36,44,2939.58,Tarjeta de Credito,462.88,40.7,0.39,4,4,0
CUST-00465,22,59,4203.16,Microcredito,655.48,27.5,0.91,77,4,1
CUST-00466,48,49,3050.94,Prestamo Personal,507.68,24.3,0.87,11,0,0
CUST-00467,52,61,2798.0,Microcredito,650.7,43.1,0.71,61,2,1
CUST-00468,47,17,3779.3,Tarjeta de Credito,1036.01,30.5,0.8,49,3,1
CUST-00469,40,74,3399.84,Microcredito,856.14,29.9,0.67,13,1,0
CUST-00470,44,57,1860.48,Microcredito,456.76,20.4,0.21,6,1,0
CUST-00471,32,55,2735.62,Prestamo Personal,538.58,18.2,0.75,14,4,0
CUST-00472,55,113,1126.0,Prestamo Personal,268.85,40.3,0.28,12,3,0
CUST-00473,53,47,2067.88,Tarjeta de Credito,435.4,33.4,0.37,10,0,0
CUST-00474,53,12,2751.24,Microcredito,394.12,24.8,0.8,9,3,0
CUST-00475,63,62,2018.32,Prestamo Personal,286.03,20.8,0.56,13,3,0
CUST-00476,57,80,2718.69,Tarjeta de Credito,433.03,31.7,0.83,11,1,0
CUST-00477,32,88,2489.29,Tarjeta de Credito,702.38,32.5,0.28,13,3,0
CUST-00478,23,83,2929.13,Microcredito,613.6,21.2,0.62,13,0,0
CUST-00479,21,8,2160.64,Microcredito,533.21,40.5,0.17,10,0,0
CUST-00480,53,95,1747.88,Microcredito,295.94,17.5,0.65,16,5,0
CUST-00481,60,21,3682.5,Prestamo Personal,668.53,25.7,0.75,14,2,0
CUST-00482,30,81,2103.44,Tarjeta de Credito,263.17,35.4,0.6,9,4,0
CUST-00483,63,87,3028.01,Tarjeta de Credito,406.54,23.2,0.33,16,3,0
CUST-00484,64,101,3648.2,Tarjeta de Credito,968.49,39.8,0.13,8,4,0
CUST-00485,49,118,2630.14,Tarjeta de Credito,570.66,37.2,0.2,15,4,0
CUST-00486,33,80,1814.95,Tarjeta de Credito,304.02,38.7,0.63,14,4,0
CUST-00487,32,70,2357.11,Tarjeta de Credito,614.19,18.6,0.89,59,6,1
CUST-00488,51,72,3314.03,Tarjeta de Credito,494.8,19.2,0.28,16,4,0
CUST-00489,22,25,2665.0,Microcredito,786.73,23.6,0.72,11,5,0
CUST-00490,55,82,1535.89,Tarjeta de Credito,259.51,30.5,0.84,12,0,0
CUST-00491,43,89,2977.32,Microcredito,498.59,37.4,0.54,10,3,0
CUST-00492,37,12,3115.63,Prestamo Personal,505.92,40.1,0.67,13,5,0
CUST-00493,46,15,2215.75,Tarjeta de Credito,275.69,36.1,0.79,6,2,0
CUST-00494,28,59,2988.2,Tarjeta de Credito,365.24,42.9,0.32,20,4,0
CUST-00495,49,26,2696.01,Tarjeta de Credito,619.06,37.2,0.35,14,2,0
CUST-00496,46,105,2342.06,Tarjeta de Credito,644.12,24.2,0.1,8,0,0
CUST-00497,30,109,1465.17,Prestamo Personal,378.17,23.0,0.92,80,2,1
CUST-00498,46,26,3362.36,Tarjeta de Credito,431.13,35.9,0.88,48,3,1
CUST-00499,54,47,3107.37,Tarjeta de Credito,649.8,20.8,0.75,54,6,1
CUST-00500,61,32,2967.11,Tarjeta de Credito,359.37,17.8,0.17,12,1,0
CUST-00501,27,10,3735.62,Microcredito,407.4,31.0,0.48,9,2,0
CUST-00502,24,16,3256.15,Prestamo Personal,753.07,39.6,0.19,16,3,0
CUST-00503,31,71,3049.25,Prestamo Personal,631.29,18.0,0.11,16,1,0
CUST-00504,49,17,800.0,Tarjeta de Credito,93.12,38.8,0.62,18,0,0
CUST-00505,56,23,3457.52,Prestamo Personal,369.91,39.3,0.92,65,6,1
CUST-00506,45,26,2566.46,Prestamo Personal,764.68,29.5,0.87,83,4,1
CUST-00507,41,85,2749.99,Prestamo Personal,291.51,16.7,0.69,7,5,0
CUST-00508,56,86,2755.47,Microcredito,520.52,20.2,0.18,11,0,0
CUST-00509,30,7,3119.07,Tarjeta de Credito,626.7,36.2,0.33,17,5,0
CUST-00510,57,14,3397.74,Microcredito,419.47,36.4,0.37,10,3,0
CUST-00511,29,79,3007.39,Microcredito,402.43,42.0,0.75,13,4,0
CUST-00512,44,117,2880.23,Tarjeta de Credito,490.68,32.5,0.78,11,3,0
CUST-00513,55,7,2685.21,Tarjeta de Credito,677.57,18.7,0.43,10,3,0
CUST-00514,55,9,800.0,Microcredito,161.13,18.6,0.46,10,4,0
CUST-00515,56,115,2269.93,Tarjeta de Credito,516.59,36.6,0.14,17,4,0
CUST-00516,38,48,1746.73,Prestamo Personal,518.84,20.5,0.35,11,5,0
CUST-00517,59,72,3468.59,Microcredito,879.64,24.9,0.48,11,3,0
CUST-00518,52,114,2995.23,Prestamo Personal,559.73,29.6,0.2,15,2,0
CUST-00519,44,59,2133.49,Tarjeta de Credito,403.84,15.7,0.49,12,5,0
CUST-00520,43,87,2213.83,Prestamo Personal,495.35,22.5,0.83,64,6,1
CUST-00521,52,93,2184.81,Tarjeta de Credito,509.22,27.2,0.59,11,0,0
CUST-00522,57,82,2170.54,Prestamo Personal,434.42,23.4,0.17,12,5,0
CUST-00523,32,95,1344.35,Tarjeta de Credito,307.82,19.1,0.26,16,1,0
CUST-00524,33,94,1170.98,Prestamo Personal,122.61,36.8,0.5,6,2,0
CUST-00525,43,116,2523.24,Prestamo Personal,469.13,39.4,0.41,12,5,0
CUST-00526,45,39,3360.25,Prestamo Personal,523.49,22.7,0.4,11,4,0
CUST-00527,55,99,2069.85,Prestamo Personal,260.46,38.2,0.55,10,4,0
CUST-00528,61,18,2742.76,Prestamo Personal,328.88,26.6,0.6,15,2,0
CUST-00529,50,59,3087.41,Prestamo Personal,681.2,30.2,0.78,4,1,0
CUST-00530,37,106,1705.3,Tarjeta de Credito,349.11,40.7,0.39,10,5,0
CUST-00531,40,103,2484.02,Prestamo Personal,374.38,37.5,0.78,14,5,0
CUST-00532,45,17,1966.78,Tarjeta de Credito,381.93,39.2,0.39,11,3,0
CUST-00533,42,14,3784.9,Microcredito,751.1,19.1,0.15,13,0,0
CUST-00534,33,31,3749.97,Tarjeta de Credito,521.25,17.1,0.57,11,4,0
CUST-00535,39,24,1706.13,Tarjeta de Credito,393.12,41.8,0.6,13,5,0
CUST-00536,56,99,2808.71,Prestamo Personal,719.55,26.6,0.89,58,6,1
CUST-00537,32,108,3354.08,Tarjeta de Credito,866.33,23.6,0.72,7,5,0
CUST-00538,61,60,3178.66,Tarjeta de Credito,700.88,36.7,0.88,6,1,0
CUST-00539,39,45,2565.25,Prestamo Personal,519.02,40.1,0.87,68,2,1
CUST-00540,32,98,3545.25,Prestamo Personal,397.78,40.9,0.61,80,6,1
CUST-00541,29,3,1776.39,Prestamo Personal,279.9,24.5,0.55,11,2,0
CUST-00542,27,37,2257.53,Tarjeta de Credito,267.87,40.6,0.57,17,4,0
CUST-00543,48,43,1797.89,Prestamo Personal,526.36,16.2,0.93,73,5,1
CUST-00544,34,40,3125.99,Tarjeta de Credito,397.05,16.5,0.76,9,2,0
CUST-00545,51,90,2033.89,Prestamo Personal,265.13,33.7,0.19,14,4,0
CUST-00546,39,55,2363.0,Prestamo Personal,656.71,16.9,0.76,8,1,0
CUST-00547,36,87,2994.14,Prestamo Personal,864.66,24.7,0.24,14,0,0
CUST-00548,25,108,3058.6,Tarjeta de Credito,774.33,35.2,0.48,9,0,0
CUST-00549,55,39,1774.3,Tarjeta de Credito,179.35,25.1,0.28,13,4,0
CUST-00550,32,15,3345.32,Tarjeta de Credito,335.43,20.4,0.69,7,2,0
CUST-00551,45,113,2864.55,Tarjeta de Credito,503.07,23.4,0.85,53,5,1
CUST-00552,41,4,1634.64,Tarjeta de Credito,210.34,28.7,0.35,19,1,0
CUST-00553,56,93,1437.83,Prestamo Personal,149.07,29.3,0.17,6,4,0
CUST-00554,43,86,2487.34,Tarjeta de Credito,479.59,38.5,0.35,18,1,0
CUST-00555,36,25,3180.08,Microcredito,917.81,37.5,0.67,11,0,0
CUST-00556,59,13,3200.57,Tarjeta de Credito,527.34,28.7,0.38,9,5,0
CUST-00557,62,82,2784.93,Prestamo Personal,646.74,40.4,0.34,13,5,0
CUST-00558,59,33,2538.94,Prestamo Personal,585.09,18.4,0.26,11,3,0
CUST-00559,34,16,2909.39,Tarjeta de Credito,437.04,22.7,0.52,12,1,0
CUST-00560,51,109,1815.74,Tarjeta de Credito,417.77,39.8,0.33,16,4,0
CUST-00561,25,42,3849.59,Prestamo Personal,548.44,26.3,0.72,14,3,0
CUST-00562,55,108,3839.15,Tarjeta de Credito,477.6,44.4,0.17,13,2,0
CUST-00563,43,66,2843.05,Microcredito,683.12,29.0,0.66,9,5,0
CUST-00564,49,55,2657.84,Prestamo Personal,326.09,38.8,0.3,14,4,0
CUST-00565,63,99,2170.86,Microcredito,649.92,27.1,0.52,10,1,0
CUST-00566,31,42,2923.0,Tarjeta de Credito,399.55,27.7,0.34,11,3,0
CUST-00567,38,34,1946.95,Prestamo Personal,426.05,26.5,0.71,58,6,1
CUST-00568,32,30,800.0,Prestamo Personal,145.82,36.6,0.9,50,5,1
CUST-00569,29,119,800.0,Prestamo Personal,100.22,31.4,0.88,11,3,0
CUST-00570,30,13,1860.4,Tarjeta de Credito,196.4,43.3,0.6,11,3,0
CUST-00571,64,13,2625.1,Prestamo Personal,589.46,22.5,0.49,15,1,0
CUST-00572,37,18,2765.58,Tarjeta de Credito,722.79,18.0,0.8,54,6,1
CUST-00573,58,32,2110.59,Prestamo Personal,566.49,26.8,0.68,9,0,0
CUST-00574,27,96,2613.47,Tarjeta de Credito,513.66,33.5,0.26,13,0,0
CUST-00575,33,99,2280.62,Microcredito,582.68,40.8,0.8,79,3,1
CUST-00576,60,39,1700.55,Tarjeta de Credito,398.9,25.4,0.46,16,1,0
CUST-00577,62,46,2457.0,Microcredito,601.6,34.6,0.26,13,5,0
CUST-00578,29,116,3150.37,Microcredito,625.41,25.5,0.34,9,3,0
CUST-00579,47,29,1736.75,Microcredito,393.69,33.5,0.33,12,4,0
CUST-00580,22,62,1737.12,Prestamo Personal,453.57,41.5,0.54,17,4,0
CUST-00581,25,113,1644.6,Tarjeta de Credito,295.33,21.9,0.3,9,2,0
CUST-00582,49,93,950.79,Microcredito,248.34,27.1,0.21,14,2,0
CUST-00583,57,62,2115.84,Tarjeta de Credito,462.11,44.8,0.21,7,0,0
CUST-00584,58,117,3071.27,Prestamo Personal,409.03,41.1,0.6,15,2,0
CUST-00585,39,108,2639.13,Prestamo Personal,276.94,31.9,0.72,8,2,0
CUST-00586,28,57,2364.6,Prestamo Personal,408.01,30.5,0.37,10,0,0
CUST-00587,21,16,2603.25,Tarjeta de Credito,544.96,23.5,0.13,7,5,0
CUST-00588,42,56,2108.81,Prestamo Personal,565.09,30.5,0.21,11,0,0
CUST-00589,37,108,941.69,Microcredito,118.18,40.4,0.88,8,2,0
CUST-00590,27,111,3126.98,Tarjeta de Credito,813.14,35.6,0.52,9,4,0
CUST-00591,45,10,3356.9,Microcredito,915.1,23.7,0.49,9,2,0
CUST-00592,24,30,1917.47,Tarjeta de Credito,249.53,21.0,0.13,5,3,0
CUST-00593,56,25,2379.33,Tarjeta de Credito,643.18,23.0,0.72,10,3,0
CUST-00594,26,103,2310.4,Tarjeta de Credito,689.17,20.1,0.55,14,3,0
CUST-00595,51,84,2781.03,Tarjeta de Credito,682.38,17.9,0.27,10,5,0
CUST-00596,39,5,3851.91,Microcredito,989.76,27.6,0.19,11,1,0
CUST-00597,64,65,3427.83,Tarjeta de Credito,1024.52,18.4,0.43,11,3,0
CUST-00598,59,94,2198.47,Tarjeta de Credito,486.07,20.2,0.81,9,4,0
CUST-00599,47,49,2933.97,Tarjeta de Credito,474.06,31.4,0.84,11,5,0
CUST-00600,30,3,3503.49,Prestamo Personal,937.21,19.9,0.61,13,1,0
CUST-00601,46,45,2826.68,Prestamo Personal,630.06,16.9,0.72,10,1,0
CUST-00602,39,14,2496.24,Tarjeta de Credito,539.78,24.5,0.2,11,3,0
CUST-00603,59,30,2856.8,Tarjeta de Credito,430.6,21.6,0.6,7,2,0
CUST-00604,23,114,1937.38,Microcredito,486.8,30.5,0.67,15,0,0
CUST-00605,33,68,2054.18,Tarjeta de Credito,238.97,18.1,0.27,11,2,0
CUST-00606,48,18,1648.77,Tarjeta de Credito,469.66,37.6,0.85,63,4,1
CUST-00607,40,62,2745.65,Tarjeta de Credito,453.48,42.2,0.27,13,1,0
CUST-00608,48,37,2394.88,Prestamo Personal,300.69,37.3,0.37,10,1,0
CUST-00609,28,25,1841.51,Tarjeta de Credito,347.08,31.0,0.63,10,5,0
CUST-00610,61,48,2368.66,Prestamo Personal,256.99,40.8,0.64,13,5,0
CUST-00611,59,65,2876.0,Tarjeta de Credito,681.4,35.8,0.69,10,1,0
CUST-00612,21,53,4031.77,Microcredito,1131.08,15.3,0.2,13,4,0
CUST-00613,23,110,3309.65,Tarjeta de Credito,885.17,26.8,0.82,43,6,1
CUST-00614,33,79,800.0,Prestamo Personal,100.38,40.5,0.55,7,0,0
CUST-00615,48,73,2691.45,Tarjeta de Credito,337.12,25.4,0.5,13,1,0
CUST-00616,45,15,3643.46,Tarjeta de Credito,957.09,16.1,0.93,57,5,1
CUST-00617,53,49,1429.7,Prestamo Personal,407.25,37.4,0.73,11,5,0
CUST-00618,58,88,2941.25,Tarjeta de Credito,565.11,39.1,0.2,14,1,0
CUST-00619,26,68,2310.69,Microcredito,461.66,19.8,0.74,10,4,0
CUST-00620,64,12,3420.23,Microcredito,559.73,31.1,0.18,10,1,0
CUST-00621,52,59,2823.41,Microcredito,787.32,20.8,0.12,14,4,0
CUST-00622,41,37,1792.79,Tarjeta de Credito,410.51,36.6,0.44,17,1,0
CUST-00623,36,61,2339.32,Prestamo Personal,368.79,23.1,0.94,75,5,1
CUST-00624,41,101,2386.64,Tarjeta de Credito,381.28,24.5,0.25,17,0,0
CUST-00625,31,43,2401.46,Microcredito,668.18,40.3,0.67,14,3,0
CUST-00626,57,70,3395.41,Prestamo Personal,348.8,29.3,0.25,12,4,0
CUST-00627,56,39,1825.9,Microcredito,300.44,35.1,0.72,6,5,0
CUST-00628,55,56,3302.44,Tarjeta de Credito,696.39,27.1,0.53,15,5,0
CUST-00629,39,63,2258.2,Prestamo Personal,292.76,23.9,0.68,14,2,0
CUST-00630,40,46,2678.81,Tarjeta de Credito,317.22,33.8,0.27,9,3,0
CUST-00631,38,88,2557.9,Prestamo Personal,672.87,19.6,0.73,8,1,0
CUST-00632,61,11,2482.56,Tarjeta de Credito,692.34,26.2,0.95,70,2,1
CUST-00633,34,62,2489.12,Prestamo Personal,658.92,21.3,0.67,9,1,0
CUST-00634,35,77,3665.89,Prestamo Personal,1025.56,35.9,0.52,9,1,0
CUST-00635,51,98,3173.96,Prestamo Personal,668.51,43.3,0.88,10,3,0
CUST-00636,21,25,2209.83,Tarjeta de Credito,579.97,44.9,0.11,7,0,0
CUST-00637,23,71,3766.23,Prestamo Personal,665.9,28.5,0.72,10,2,0
CUST-00638,36,52,2719.74,Tarjeta de Credito,634.39,22.6,0.86,63,3,1
CUST-00639,43,4,2786.1,Tarjeta de Credito,829.61,28.3,0.15,13,0,0
CUST-00640,31,59,1830.14,Tarjeta de Credito,265.64,40.4,0.48,7,2,0
CUST-00641,32,72,2102.0,Tarjeta de Credito,374.11,21.2,0.27,15,1,0
CUST-00642,30,20,1949.2,Tarjeta de Credito,382.06,43.6,0.58,19,0,0
CUST-00643,52,93,2568.86,Prestamo Personal,327.79,25.3,0.65,17,3,0
CUST-00644,36,63,3011.03,Tarjeta de Credito,349.9,44.6,0.36,11,5,0
CUST-00645,28,54,2793.79,Tarjeta de Credito,742.99,40.2,0.49,15,5,0
CUST-00646,58,117,3770.44,Microcredito,1113.63,39.3,0.34,9,1,0
CUST-00647,32,115,1789.79,Tarjeta de Credito,323.85,24.5,0.41,8,1,0
CUST-00648,44,109,2591.9,Prestamo Personal,304.63,15.3,0.24,11,0,0
CUST-00649,48,110,1473.65,Prestamo Personal,166.76,26.5,0.85,10,5,0
CUST-00650,28,74,1762.5,Microcredito,490.44,24.1,0.11,10,1,0
CUST-00651,48,107,3511.66,Prestamo Personal,676.92,16.1,0.85,11,2,0
CUST-00652,56,98,2129.47,Prestamo Personal,349.24,30.2,0.59,18,1,0
CUST-00653,46,57,1857.31,Microcredito,362.72,27.1,0.38,4,5,0
CUST-00654,28,90,800.0,Tarjeta de Credito,130.93,34.0,0.71,10,4,0
CUST-00655,48,41,1849.32,Microcredito,365.81,33.6,0.53,14,5,0
CUST-00656,48,113,2335.78,Tarjeta de Credito,635.12,18.6,0.52,14,2,0
CUST-00657,57,3,1414.08,Microcredito,308.92,44.3,0.19,14,0,0
CUST-00658,61,6,2289.77,Tarjeta de Credito,547.1,20.6,0.43,11,2,0
CUST-00659,56,5,3516.5,Prestamo Personal,608.12,28.4,0.3,15,4,0
CUST-00660,47,5,1934.16,Tarjeta de Credito,479.09,29.6,0.11,9,4,0
CUST-00661,37,54,1745.29,Prestamo Personal,407.22,39.4,0.41,8,1,0
CUST-00662,29,47,1600.88,Tarjeta de Credito,198.37,18.0,0.18,10,1,0
CUST-00663,53,87,1586.59,Microcredito,340.37,27.9,0.32,12,5,0
CUST-00664,40,49,2928.46,Microcredito,443.22,33.9,0.18,17,3,0
CUST-00665,33,9,2538.93,Tarjeta de Credito,662.2,21.5,0.19,10,2,0
CUST-00666,48,99,3265.49,Microcredito,604.73,33.8,0.27,13,5,0
CUST-00667,49,20,4115.87,Prestamo Personal,1230.39,42.7,0.95,57,5,1
CUST-00668,33,113,1035.69,Prestamo Personal,122.73,44.9,0.1,16,5,0
CUST-00669,55,61,2804.06,Tarjeta de Credito,718.03,16.0,0.64,14,4,0
CUST-00670,26,106,1605.1,Tarjeta de Credito,376.78,22.1,0.22,13,1,0
CUST-00671,38,35,3131.12,Tarjeta de Credito,793.74,24.3,0.88,9,1,0
CUST-00672,25,50,2282.47,Tarjeta de Credito,368.63,27.0,0.18,14,5,0
CUST-00673,45,82,2521.86,Microcredito,500.36,22.3,0.91,74,3,1
CUST-00674,22,62,1473.46,Tarjeta de Credito,382.07,21.1,0.62,17,0,0
CUST-00675,30,17,2158.86,Microcredito,316.29,43.6,0.1,17,5,0
CUST-00676,50,88,2571.73,Tarjeta de Credito,373.43,42.6,0.86,11,4,0
CUST-00677,25,3,3584.86,Prestamo Personal,753.57,16.4,0.54,6,5,0
CUST-00678,53,32,1864.35,Prestamo Personal,381.66,25.2,0.32,20,5,0
CUST-00679,21,99,2059.45,Microcredito,322.21,27.2,0.75,9,1,0
CUST-00680,38,102,3255.43,Tarjeta de Credito,519.62,22.2,0.89,67,6,1
CUST-00681,52,13,1812.53,Tarjeta de Credito,281.97,33.9,0.51,9,5,0
CUST-00682,31,111,3413.91,Tarjeta de Credito,868.17,34.2,0.37,13,1,0
CUST-00683,41,89,2492.73,Tarjeta de Credito,574.28,40.5,0.77,75,4,1
CUST-00684,46,73,2742.5,Tarjeta de Credito,730.83,37.2,0.68,49,6,1
CUST-00685,45,68,2794.02,Tarjeta de Credito,824.5,31.3,0.86,6,3,0
CUST-00686,42,14,2007.02,Tarjeta de Credito,391.03,34.6,0.69,5,0,0
CUST-00687,47,101,2811.91,Prestamo Personal,318.7,23.2,0.31,8,3,0
CUST-00688,33,98,1882.1,Tarjeta de Credito,206.31,32.8,0.89,55,6,1
CUST-00689,53,11,2098.32,Tarjeta de Credito,333.91,29.7,0.19,9,5,0
CUST-00690,54,105,2946.95,Tarjeta de Credito,844.33,19.0,0.33,14,1,0
CUST-00691,61,56,2734.72,Prestamo Personal,559.64,22.3,0.54,17,4,0
CUST-00692,55,67,2440.03,Microcredito,376.64,23.8,0.58,8,0,0
CUST-00693,21,92,1493.01,Prestamo Personal,268.49,42.7,0.11,7,4,0
CUST-00694,41,29,1692.67,Prestamo Personal,371.91,21.9,0.76,11,1,0
CUST-00695,26,9,2721.37,Tarjeta de Credito,627.52,23.7,0.41,8,3,0
CUST-00696,48,67,3085.71,Prestamo Personal,403.56,26.1,0.45,13,2,0
CUST-00697,37,25,1612.28,Tarjeta de Credito,476.28,34.9,0.79,8,3,0
CUST-00698,25,98,1828.14,Tarjeta de Credito,382.0,18.5,0.42,1,1,0
CUST-00699,51,76,2607.35,Prestamo Personal,331.49,43.6,0.14,17,1,0
CUST-00700,25,42,2590.23,Microcredito,721.97,41.0,0.25,7,0,0
CUST-00701,58,9,1200.83,Tarjeta de Credito,138.01,32.3,0.91,71,6,1
CUST-00702,23,79,2629.25,Prestamo Personal,740.26,35.2,0.16,16,4,0
CUST-00703,43,40,2021.31,Prestamo Personal,605.0,15.5,0.4,17,3,0
CUST-00704,57,25,3812.84,Tarjeta de Credito,915.41,25.2,0.53,16,2,0
CUST-00705,57,5,2699.36,Tarjeta de Credito,685.88,38.9,0.52,14,2,0
CUST-00706,30,11,2837.18,Tarjeta de Credito,475.12,17.3,0.1,11,0,0
CUST-00707,30,59,2857.89,Tarjeta de Credito,823.97,23.5,0.53,12,1,0
CUST-00708,39,98,1528.86,Tarjeta de Credito,314.86,32.6,0.43,13,0,0
CUST-00709,37,88,4055.1,Tarjeta de Credito,999.49,22.7,0.93,55,6,1
CUST-00710,41,79,1201.67,Tarjeta de Credito,342.26,43.0,0.24,9,5,0
CUST-00711,34,38,3136.56,Prestamo Personal,925.4,18.9,0.4,8,5,0
CUST-00712,29,72,2994.93,Prestamo Personal,798.57,38.9,0.46,10,5,0
CUST-00713,21,5,2118.4,Microcredito,340.22,30.2,0.43,13,1,0
CUST-00714,33,48,3033.16,Tarjeta de Credito,889.65,37.5,0.67,14,0,0
CUST-00715,24,90,2245.94,Prestamo Personal,506.74,24.3,0.28,15,3,0
CUST-00716,21,18,1959.63,Microcredito,560.71,30.4,0.29,10,4,0
CUST-00717,60,70,2875.65,Prestamo Personal,676.41,40.7,0.72,65,6,1
CUST-00718,52,37,1694.75,Tarjeta de Credito,273.61,29.0,0.53,10,2,0
CUST-00719,54,60,2320.6,Prestamo Personal,403.8,25.8,0.45,16,0,0
CUST-00720,48,48,2024.66,Tarjeta de Credito,425.37,31.1,0.24,11,4,0
CUST-00721,51,77,2231.22,Tarjeta de Credito,575.66,36.5,0.26,10,4,0
CUST-00722,28,28,2846.18,Prestamo Personal,465.63,28.3,0.11,15,2,0
CUST-00723,59,69,2024.51,Prestamo Personal,437.19,43.2,0.18,12,2,0
CUST-00724,46,77,2346.14,Tarjeta de Credito,396.79,23.8,0.57,17,2,0
CUST-00725,54,81,2097.48,Microcredito,551.96,29.3,0.86,46,6,1
CUST-00726,23,114,3655.2,Prestamo Personal,706.72,37.7,0.34,14,5,0
CUST-00727,32,40,2774.09,Tarjeta de Credito,319.98,35.7,0.38,17,0,0
CUST-00728,21,45,2676.06,Microcredito,356.48,40.9,0.2,14,2,0
CUST-00729,64,96,3046.73,Tarjeta de Credito,341.91,44.9,0.43,9,3,0
CUST-00730,25,62,2024.69,Microcredito,404.66,27.8,0.13,11,4,0
CUST-00731,50,93,3187.41,Prestamo Personal,386.53,18.3,0.88,10,2,0
CUST-00732,50,115,2776.94,Tarjeta de Credito,341.09,15.9,0.67,14,4,0
CUST-00733,37,58,1251.29,Prestamo Personal,360.63,36.8,0.94,54,3,1
CUST-00734,43,67,1357.58,Prestamo Personal,372.7,41.2,0.85,63,3,1
CUST-00735,35,56,2042.16,Prestamo Personal,388.86,21.6,0.5,13,2,0
CUST-00736,57,40,1443.19,Microcredito,428.86,19.8,0.54,9,4,0
CUST-00737,41,98,2309.38,Prestamo Personal,231.02,16.9,0.26,17,1,0
CUST-00738,34,40,1689.01,Prestamo Personal,376.3,39.7,0.49,9,2,0
CUST-00739,22,91,2421.82,Microcredito,540.76,24.3,0.87,64,6,1
CUST-00740,31,77,3629.37,Prestamo Personal,694.98,27.1,0.14,12,2,0
CUST-00741,59,109,2460.5,Tarjeta de Credito,441.39,30.1,0.83,81,6,1
CUST-00742,58,33,2257.63,Microcredito,431.38,40.2,0.39,10,4,0
CUST-00743,54,6,2810.59,Tarjeta de Credito,514.32,34.5,0.86,89,3,1
CUST-00744,58,88,1942.86,Prestamo Personal,478.13,33.5,0.9,52,4,1
CUST-00745,54,19,3174.73,Microcredito,403.42,20.3,0.67,12,1,0
CUST-00746,38,80,2896.17,Prestamo Personal,404.1,30.4,0.66,8,2,0
CUST-00747,50,40,2531.09,Prestamo Personal,344.49,36.5,0.48,12,0,0
CUST-00748,35,92,2623.45,Prestamo Personal,400.06,44.2,0.81,11,1,0
CUST-00749,47,97,4133.4,Tarjeta de Credito,847.56,21.0,0.92,3,1,0
CUST-00750,54,59,3253.85,Microcredito,397.76,15.3,0.76,15,3,0
CUST-00751,58,59,4259.62,Tarjeta de Credito,1165.58,17.3,0.63,88,6,1
CUST-00752,53,48,2925.62,Tarjeta de Credito,466.56,26.3,0.62,10,1,0
CUST-00753,44,41,1322.65,Tarjeta de Credito,175.26,39.6,0.82,11,4,0
CUST-00754,35,13,2290.26,Prestamo Personal,538.5,15.2,0.56,12,2,0
CUST-00755,50,107,1139.84,Prestamo Personal,122.67,28.7,0.78,85,2,1
CUST-00756,62,45,2922.64,Microcredito,654.65,24.9,0.53,14,4,0
CUST-00757,37,89,3096.32,Tarjeta de Credito,742.0,16.6,0.15,7,4,0
CUST-00758,25,53,1791.27,Tarjeta de Credito,256.12,28.5,0.43,17,4,0
CUST-00759,49,42,1975.49,Tarjeta de Credito,214.13,22.6,0.48,16,4,0
CUST-00760,24,100,2619.0,Tarjeta de Credito,452.38,25.6,0.22,8,0,0
CUST-00761,30,63,1541.52,Prestamo Personal,184.55,36.2,0.19,12,3,0
CUST-00762,37,27,1481.47,Tarjeta de Credito,182.66,30.6,0.56,10,5,0
CUST-00763,30,38,3490.91,Tarjeta de Credito,526.61,18.7,0.17,12,1,0
CUST-00764,37,60,2591.77,Tarjeta de Credito,412.33,43.8,0.36,14,4,0
CUST-00765,40,7,2053.51,Tarjeta de Credito,423.01,34.1,0.73,12,1,0
CUST-00766,44,5,1146.3,Tarjeta de Credito,270.16,38.0,0.92,54,3,1
CUST-00767,25,107,3181.88,Tarjeta de Credito,695.41,17.4,0.71,6,4,0
CUST-00768,54,45,1952.39,Prestamo Personal,253.17,16.4,0.94,44,5,1
CUST-00769,26,58,3988.55,Microcredito,536.13,15.6,0.69,8,1,0
CUST-00770,22,115,3187.45,Prestamo Personal,878.95,20.7,0.35,10,2,0
CUST-00771,33,31,1853.49,Microcredito,392.33,27.4,0.67,15,1,0
CUST-00772,63,23,1927.62,Tarjeta de Credito,528.14,43.1,0.7,47,6,1
CUST-00773,63,42,3877.48,Prestamo Personal,675.88,28.7,0.42,16,4,0
CUST-00774,31,10,2432.59,Microcredito,542.18,23.7,0.12,10,0,0
CUST-00775,43,32,2089.35,Tarjeta de Credito,427.76,31.9,0.7,73,3,1
CUST-00776,36,107,2522.18,Microcredito,413.2,18.4,0.12,5,3,0
CUST-00777,51,53,2085.67,Tarjeta de Credito,404.58,33.3,0.64,10,2,0
CUST-00778,31,30,2692.84,Tarjeta de Credito,539.91,32.1,0.24,9,2,0
CUST-00779,36,39,2439.34,Tarjeta de Credito,341.88,38.8,0.58,14,0,0
CUST-00780,28,31,3200.41,Prestamo Personal,521.67,44.6,0.53,10,5,0
CUST-00781,24,82,2189.14,Prestamo Personal,565.42,22.5,0.11,12,0,0
CUST-00782,60,100,1792.15,Prestamo Personal,507.46,30.3,0.41,11,5,0
CUST-00783,24,2,2220.81,Tarjeta de Credito,381.89,42.3,0.61,8,1,0
CUST-00784,45,78,2215.93,Tarjeta de Credito,357.64,38.6,0.82,10,4,0
CUST-00785,23,77,2437.97,Tarjeta de Credito,338.97,29.6,0.86,10,3,0
CUST-00786,52,93,3007.63,Tarjeta de Credito,708.89,43.4,0.51,8,2,0
CUST-00787,23,12,2963.93,Microcredito,487.92,16.7,0.72,7,0,0
CUST-00788,47,39,3459.73,Tarjeta de Credito,1029.44,42.9,0.37,15,3,0
CUST-00789,49,66,1850.81,Microcredito,305.64,16.5,0.39,12,5,0
CUST-00790,52,96,2810.98,Microcredito,502.68,31.4,0.27,8,4,0
CUST-00791,39,13,3081.86,Tarjeta de Credito,680.06,41.7,0.58,13,2,0
CUST-00792,41,46,1960.62,Prestamo Personal,510.42,22.9,0.37,5,2,0
CUST-00793,25,27,2333.9,Tarjeta de Credito,452.55,29.2,0.17,11,5,0
CUST-00794,38,113,1100.02,Tarjeta de Credito,202.99,24.7,0.68,12,4,0
CUST-00795,48,105,3225.49,Tarjeta de Credito,964.83,43.6,0.7,12,2,0
CUST-00796,62,17,2327.6,Prestamo Personal,237.64,39.7,0.41,6,4,0
CUST-00797,42,104,3145.25,Tarjeta de Credito,877.57,36.3,0.17,8,2,0
CUST-00798,41,95,2664.84,Prestamo Personal,345.97,32.6,0.46,10,1,0
CUST-00799,26,98,2351.87,Prestamo Personal,604.87,39.6,0.48,15,5,0
CUST-00800,21,60,1225.76,Tarjeta de Credito,274.06,26.8,0.67,13,4,0
CUST-00801,25,64,1368.04,Prestamo Personal,230.34,28.4,0.37,16,3,0
CUST-00802,61,88,800.0,Prestamo Personal,219.82,36.9,0.68,10,1,0
CUST-00803,32,109,2049.91,Tarjeta de Credito,210.28,25.7,0.84,11,3,0
CUST-00804,46,35,4322.6,Tarjeta de Credito,628.24,16.9,0.3,16,5,0
CUST-00805,54,112,1469.64,Prestamo Personal,313.59,17.2,0.93,84,4,1
CUST-00806,34,70,800.0,Tarjeta de Credito,136.25,18.5,0.43,17,3,0
CUST-00807,46,83,3270.14,Prestamo Personal,726.22,41.1,0.33,11,1,0
CUST-00808,47,30,4390.97,Tarjeta de Credito,460.27,29.2,0.46,12,4,0
CUST-00809,29,71,2738.34,Tarjeta de Credito,337.61,36.4,0.18,12,0,0
CUST-00810,46,74,2730.99,Tarjeta de Credito,342.52,26.8,0.21,18,3,0
CUST-00811,42,105,2252.09,Tarjeta de Credito,310.47,22.8,0.45,11,0,0
CUST-00812,50,96,1064.59,Prestamo Personal,204.26,25.4,0.75,12,5,0
CUST-00813,63,98,1339.43,Tarjeta de Credito,335.43,38.8,0.87,70,5,1
CUST-00814,37,63,2246.6,Prestamo Personal,631.54,33.8,0.67,73,5,1
CUST-00815,46,28,2093.24,Microcredito,559.05,43.1,0.19,20,4,0
CUST-00816,56,60,2407.86,Prestamo Personal,335.6,35.4,0.67,79,4,1
CUST-00817,21,79,3163.46,Prestamo Personal,595.46,32.1,0.64,75,3,1
CUST-00818,28,94,2034.53,Tarjeta de Credito,284.59,33.3,0.78,8,1,0
CUST-00819,55,37,3179.77,Tarjeta de Credito,486.17,43.3,0.8,9,1,0
CUST-00820,35,93,2039.77,Prestamo Personal,409.4,38.6,0.84,63,6,1
CUST-00821,42,22,3330.59,Tarjeta de Credito,378.43,15.7,0.45,8,2,0
CUST-00822,34,68,2569.09,Prestamo Personal,369.01,31.0,0.69,13,0,0
CUST-00823,46,20,2151.34,Tarjeta de Credito,617.6,35.7,0.33,11,1,0
CUST-00824,48,96,2555.44,Prestamo Personal,493.77,37.5,0.95,85,2,1
CUST-00825,43,100,2265.17,Microcredito,428.29,21.4,0.25,14,2,0
CUST-00826,34,114,2590.51,Microcredito,266.6,41.0,0.11,14,5,0
CUST-00827,44,68,3106.48,Prestamo Personal,464.36,43.7,0.23,13,2,0
CUST-00828,22,91,2430.23,Prestamo Personal,664.08,22.1,0.76,11,4,0
CUST-00829,46,64,2204.34,Prestamo Personal,293.01,41.5,0.48,10,1,0
CUST-00830,34,17,1601.19,Prestamo Personal,293.06,17.9,0.48,15,5,0
CUST-00831,27,12,2963.34,Tarjeta de Credito,304.83,16.7,0.91,74,6,1
CUST-00832,23,22,2778.62,Tarjeta de Credito,543.68,18.9,0.88,9,1,0
CUST-00833,43,17,1554.45,Tarjeta de Credito,161.98,16.7,0.36,12,2,0
CUST-00834,63,10,3168.4,Microcredito,836.21,40.4,0.28,16,2,0
CUST-00835,38,118,1541.45,Tarjeta de Credito,408.44,16.8,0.82,83,5,1
CUST-00836,58,65,3323.38,Prestamo Personal,855.93,23.1,0.87,57,5,1
CUST-00837,55,22,3050.29,Prestamo Personal,477.9,18.1,0.56,16,2,0
CUST-00838,35,90,2835.73,Prestamo Personal,758.41,23.9,0.64,14,2,0
CUST-00839,45,82,2198.4,Prestamo Personal,458.59,17.7,0.32,14,0,0
CUST-00840,57,50,2960.62,Tarjeta de Credito,517.4,35.0,0.78,8,0,0
CUST-00841,48,14,3361.1,Prestamo Personal,756.47,19.0,0.64,10,4,0
CUST-00842,30,64,2973.88,Microcredito,304.73,40.6,0.53,11,3,0
CUST-00843,59,47,1963.8,Tarjeta de Credito,252.53,39.5,0.15,11,3,0
CUST-00844,37,29,2713.93,Tarjeta de Credito,674.3,15.4,0.88,8,2,0
CUST-00845,59,76,3405.63,Prestamo Personal,506.87,41.9,0.62,9,2,0
CUST-00846,42,36,4259.28,Microcredito,935.35,15.9,0.26,15,4,0
CUST-00847,46,99,2335.83,Tarjeta de Credito,413.49,22.2,0.62,18,5,0
CUST-00848,64,52,3186.31,Prestamo Personal,863.37,16.0,0.68,15,5,0
CUST-00849,45,76,3407.58,Microcredito,989.84,25.1,0.55,10,5,0
CUST-00850,37,7,1850.08,Tarjeta de Credito,511.94,30.4,0.71,11,3,0
CUST-00851,33,29,3925.66,Microcredito,605.04,38.9,0.59,11,0,0
CUST-00852,40,11,1647.85,Prestamo Personal,228.78,25.1,0.91,9,5,0
CUST-00853,45,33,3147.19,Prestamo Personal,613.35,36.2,0.15,13,1,0
CUST-00854,24,6,2744.26,Prestamo Personal,278.45,20.6,0.19,12,4,0
CUST-00855,30,111,2544.46,Tarjeta de Credito,267.58,37.5,0.25,16,5,0
CUST-00856,23,79,4537.47,Tarjeta de Credito,955.85,22.1,0.69,14,1,0
CUST-00857,61,32,2259.0,Tarjeta de Credito,461.04,19.3,0.65,7,5,0
CUST-00858,38,51,2246.12,Tarjeta de Credito,671.4,20.6,0.86,51,2,1
CUST-00859,56,75,3565.18,Tarjeta de Credito,500.44,20.5,0.72,16,0,0
CUST-00860,42,58,3109.44,Microcredito,471.46,30.4,0.53,8,5,0
CUST-00861,54,87,3525.68,Microcredito,432.63,40.3,0.94,70,3,1
CUST-00862,28,26,2593.5,Prestamo Personal,735.28,17.4,0.33,7,4,0
CUST-00863,60,98,2753.55,Microcredito,703.7,36.2,0.81,7,1,0
CUST-00864,64,46,4020.75,Prestamo Personal,1063.36,34.6,0.46,21,4,0
CUST-00865,39,98,1831.24,Tarjeta de Credito,513.76,41.2,0.65,13,5,0
CUST-00866,62,29,2417.7,Tarjeta de Credito,495.58,22.3,0.72,10,4,0
CUST-00867,61,4,3138.6,Prestamo Personal,597.08,28.5,0.64,12,2,0
CUST-00868,57,81,2343.31,Prestamo Personal,389.17,42.8,0.22,8,3,0
CUST-00869,26,99,2043.88,Tarjeta de Credito,445.24,34.8,0.48,12,3,0
CUST-00870,46,13,2994.79,Prestamo Personal,571.57,26.7,0.58,8,0,0
CUST-00871,54,105,3568.64,Tarjeta de Credito,679.16,18.9,0.82,71,4,1
CUST-00872,26,39,2387.33,Prestamo Personal,686.08,22.9,0.48,9,3,0
CUST-00873,57,15,2365.13,Microcredito,701.99,32.4,0.88,8,5,0
CUST-00874,53,119,1981.85,Prestamo Personal,513.89,36.5,0.47,13,4,0
CUST-00875,42,29,2263.22,Microcredito,568.86,18.7,0.57,10,4,0
CUST-00876,41,29,3366.88,Microcredito,794.96,33.0,0.78,67,3,1
CUST-00877,26,75,2564.85,Microcredito,341.68,31.5,0.6,12,1,0
CUST-00878,26,116,1856.01,Microcredito,207.54,30.4,0.92,65,6,1
CUST-00879,24,32,2709.89,Microcredito,645.35,35.7,0.66,7,5,0
CUST-00880,50,2,3340.96,Prestamo Personal,821.07,40.1,0.54,11,4,0
CUST-00881,31,47,2050.49,Tarjeta de Credito,224.31,24.7,0.12,16,1,0
CUST-00882,50,78,1437.12,Tarjeta de Credito,410.46,41.7,0.45,14,3,0
CUST-00883,51,84,4252.66,Prestamo Personal,502.78,19.8,0.35,10,0,0
CUST-00884,44,22,1397.18,Tarjeta de Credito,219.61,20.2,0.74,15,1,0
CUST-00885,29,75,2212.78,Tarjeta de Credito,518.85,23.0,0.28,10,5,0
CUST-00886,23,27,2685.7,Microcredito,359.82,18.6,0.27,7,3,0
CUST-00887,51,67,2282.06,Microcredito,253.5,21.9,0.26,14,3,0
CUST-00888,60,81,2440.07,Microcredito,405.61,18.2,0.21,12,3,0
CUST-00889,57,108,2961.47,Tarjeta de Credito,749.83,39.7,0.36,8,2,0
CUST-00890,56,56,800.0,Tarjeta de Credito,146.19,19.2,0.85,11,2,0
CUST-00891,44,92,1486.48,Tarjeta de Credito,342.77,37.4,0.76,7,3,0
CUST-00892,51,93,2535.41,Tarjeta de Credito,547.46,16.4,0.72,9,5,0
CUST-00893,26,21,2176.63,Tarjeta de Credito,227.34,43.5,0.78,14,4,0
CUST-00894,22,47,2603.53,Tarjeta de Credito,775.09,36.3,0.33,8,5,0
CUST-00895,40,80,2682.12,Microcredito,290.44,15.2,0.85,71,4,1
CUST-00896,48,101,807.26,Prestamo Personal,236.98,37.9,0.22,14,1,0
CUST-00897,31,59,3518.91,Tarjeta de Credito,738.88,30.4,0.39,7,2,0
CUST-00898,24,84,2101.39,Tarjeta de Credito,614.93,38.4,0.6,13,4,0
CUST-00899,35,6,1807.59,Prestamo Personal,222.24,30.7,0.19,18,0,0
CUST-00900,26,19,2666.68,Tarjeta de Credito,528.22,34.2,0.72,85,4,1
CUST-00901,50,57,2585.73,Microcredito,346.23,38.6,0.43,10,5,0
CUST-00902,58,69,3457.35,Tarjeta de Credito,380.98,27.2,0.77,5,5,0
CUST-00903,22,3,2717.5,Tarjeta de Credito,607.38,15.1,0.52,11,3,0
CUST-00904,35,1,3426.49,Tarjeta de Credito,485.04,40.5,0.25,11,3,0
CUST-00905,31,58,1749.46,Tarjeta de Credito,380.58,26.4,0.72,63,5,1
CUST-00906,28,38,2613.49,Prestamo Personal,320.08,29.9,0.31,13,0,0
CUST-00907,46,15,1608.2,Prestamo Personal,267.6,15.2,0.52,12,4,0
CUST-00908,64,34,2578.14,Prestamo Personal,660.85,29.8,0.16,8,1,0
CUST-00909,25,61,2408.57,Tarjeta de Credito,451.39,44.6,0.63,12,5,0
CUST-00910,26,35,2374.16,Prestamo Personal,535.49,23.3,0.67,14,5,0
CUST-00911,46,64,2381.18,Prestamo Personal,546.46,26.9,0.42,8,4,0
CUST-00912,24,113,3089.11,Microcredito,830.2,35.6,0.91,8,0,0
CUST-00913,39,25,1214.11,Tarjeta de Credito,200.31,39.4,0.84,65,5,1
CUST-00914,40,24,1780.17,Tarjeta de Credito,422.72,27.5,0.7,83,6,1
CUST-00915,53,12,2467.54,Prestamo Personal,721.32,24.3,0.71,84,3,1
CUST-00916,40,18,1557.07,Prestamo Personal,383.11,43.1,0.31,14,3,0
CUST-00917,32,15,2536.89,Tarjeta de Credito,502.24,35.3,0.66,14,1,0
CUST-00918,21,108,2459.32,Tarjeta de Credito,556.16,18.6,0.27,13,2,0
CUST-00919,46,80,1376.99,Tarjeta de Credito,341.41,17.1,0.22,10,1,0
CUST-00920,34,27,1337.47,Microcredito,297.53,29.5,0.95,61,5,1
CUST-00921,58,72,800.0,Tarjeta de Credito,82.67,21.6,0.63,7,2,0
CUST-00922,57,60,1523.46,Microcredito,211.69,22.6,0.47,8,3,0
CUST-00923,31,46,2511.46,Prestamo Personal,658.24,41.3,0.34,11,5,0
CUST-00924,56,89,2624.95,Microcredito,405.63,17.7,0.61,88,5,1
CUST-00925,33,17,2661.52,Microcredito,655.57,36.5,0.14,10,2,0
CUST-00926,63,93,1877.66,Tarjeta de Credito,327.51,23.1,0.18,9,1,0
CUST-00927,23,53,2485.36,Microcredito,507.95,37.8,0.13,13,5,0
CUST-00928,53,8,2817.8,Tarjeta de Credito,320.09,36.7,0.52,11,0,0
CUST-00929,26,79,1485.57,Microcredito,202.4,15.2,0.61,17,0,0
CUST-00930,30,27,2598.66,Prestamo Personal,757.35,30.3,0.15,13,0,0
CUST-00931,25,46,3025.18,Tarjeta de Credito,841.08,19.2,0.71,10,0,0
CUST-00932,43,50,2107.38,Prestamo Personal,485.66,41.0,0.3,8,4,0
CUST-00933,30,116,3349.79,Microcredito,642.92,41.1,0.68,12,0,0
CUST-00934,64,71,2126.05,Tarjeta de Credito,499.95,27.6,0.93,59,4,1
CUST-00935,22,3,1811.95,Prestamo Personal,405.37,28.3,0.69,14,0,0
CUST-00936,33,93,2945.47,Prestamo Personal,629.48,24.1,0.85,11,3,0
CUST-00937,60,64,4126.64,Microcredito,461.5,36.5,0.91,8,0,0
CUST-00938,22,44,2568.28,Tarjeta de Credito,581.87,25.8,0.51,13,1,0
CUST-00939,40,53,3007.93,Tarjeta de Credito,763.36,23.0,0.7,11,2,0
CUST-00940,21,24,2093.03,Tarjeta de Credito,625.43,28.0,0.82,76,4,1
CUST-00941,57,60,1506.71,Prestamo Personal,154.01,17.7,0.4,11,5,0
CUST-00942,29,3,2633.01,Tarjeta de Credito,647.81,37.4,0.32,12,4,0
CUST-00943,37,20,2759.52,Microcredito,591.52,15.4,0.9,76,5,1
CUST-00944,29,46,2213.67,Tarjeta de Credito,413.54,34.3,0.72,13,2,0
CUST-00945,31,15,3004.85,Prestamo Personal,377.15,20.5,0.29,7,1,0
CUST-00946,35,25,1976.74,Tarjeta de Credito,359.4,22.0,0.48,15,0,0
CUST-00947,44,94,1778.33,Tarjeta de Credito,303.87,34.1,0.78,13,2,0
CUST-00948,58,78,3348.51,Tarjeta de Credito,537.66,44.8,0.57,13,1,0
CUST-00949,55,71,3352.28,Tarjeta de Credito,825.25,38.3,0.65,11,0,0
CUST-00950,50,17,1992.53,Prestamo Personal,478.5,21.8,0.74,82,6,1
CUST-00951,51,108,3875.08,Microcredito,844.01,20.3,0.63,13,2,0
CUST-00952,25,84,2270.31,Prestamo Personal,653.24,41.0,0.56,10,2,0
CUST-00953,64,100,2567.83,Microcredito,436.46,28.3,0.74,15,1,0
CUST-00954,34,9,2432.28,Microcredito,361.83,19.1,0.72,12,5,0
CUST-00955,31,38,2919.01,Prestamo Personal,674.82,40.9,0.64,17,3,0
CUST-00956,29,48,2717.14,Microcredito,379.76,39.5,0.41,15,4,0
CUST-00957,54,60,2706.37,Prestamo Personal,441.14,44.5,0.44,7,3,0
CUST-00958,32,63,1684.35,Tarjeta de Credito,244.1,42.3,0.92,10,2,0
CUST-00959,55,86,1149.15,Prestamo Personal,130.81,40.6,0.2,13,3,0
CUST-00960,55,118,3413.73,Tarjeta de Credito,906.34,16.6,0.33,12,0,0
CUST-00961,21,117,2063.64,Prestamo Personal,311.42,18.1,0.52,13,4,0
CUST-00962,60,117,2460.77,Prestamo Personal,478.88,32.1,0.81,7,3,0
CUST-00963,42,2,2761.44,Tarjeta de Credito,300.07,30.9,0.24,11,0,0
CUST-00964,49,88,3803.21,Tarjeta de Credito,912.27,28.7,0.34,14,1,0
CUST-00965,28,72,2629.09,Microcredito,436.72,26.9,0.16,12,3,0
CUST-00966,31,11,2184.16,Prestamo Personal,543.74,27.9,0.7,10,4,0
CUST-00967,61,64,2081.16,Tarjeta de Credito,379.77,32.1,0.3,10,0,0
CUST-00968,57,77,2470.11,Prestamo Personal,343.72,15.1,0.43,19,3,0
CUST-00969,34,81,1772.51,Prestamo Personal,359.17,22.8,0.48,10,1,0
CUST-00970,50,72,2523.1,Prestamo Personal,318.17,30.5,0.86,76,5,1
CUST-00971,55,21,2458.38,Microcredito,462.44,36.7,0.45,10,0,0
CUST-00972,41,18,3813.22,Prestamo Personal,623.31,20.2,0.22,9,3,0
CUST-00973,57,94,2433.12,Tarjeta de Credito,687.09,31.4,0.55,7,4,0
CUST-00974,25,64,960.41,Microcredito,107.74,36.4,0.92,74,4,1
CUST-00975,39,82,4638.81,Microcredito,1107.76,28.3,0.62,54,2,1
CUST-00976,34,110,3265.47,Tarjeta de Credito,445.9,15.8,0.94,52,2,1
CUST-00977,46,111,4165.88,Tarjeta de Credito,682.41,28.5,0.81,53,2,1
CUST-00978,24,95,1574.14,Tarjeta de Credito,288.23,23.9,0.13,3,0,0
CUST-00979,45,38,2322.54,Prestamo Personal,654.03,42.9,0.66,13,3,0
CUST-00980,62,32,3039.52,Prestamo Personal,451.42,18.7,0.34,7,4,0
CUST-00981,45,11,2929.11,Prestamo Personal,346.4,34.6,0.58,12,1,0
CUST-00982,38,45,2745.55,Microcredito,449.55,16.6,0.34,12,4,0
CUST-00983,60,89,800.0,Prestamo Personal,96.75,28.4,0.4,7,0,0
CUST-00984,28,33,1130.05,Tarjeta de Credito,142.07,31.6,0.88,83,6,1
CUST-00985,59,102,3714.02,Tarjeta de Credito,797.66,23.9,0.28,12,3,0
CUST-00986,60,41,3856.26,Tarjeta de Credito,432.6,28.7,0.84,49,6,1
CUST-00987,34,8,2414.68,Tarjeta de Credito,256.41,19.9,0.13,9,3,0
CUST-00988,52,11,3612.34,Prestamo Personal,877.38,24.1,0.18,13,0,0
CUST-00989,58,86,1681.42,Microcredito,289.76,33.6,0.83,11,3,0
CUST-00990,53,51,1864.46,Tarjeta de Credito,233.2,24.1,0.64,12,0,0
CUST-00991,43,88,1618.18,Prestamo Personal,243.9,42.0,0.74,11,4,0
CUST-00992,35,41,1820.06,Prestamo Personal,415.73,33.9,0.28,17,2,0
CUST-00993,53,17,3078.16,Tarjeta de Credito,477.45,28.2,0.56,13,3,0
CUST-00994,45,76,1810.12,Tarjeta de Credito,360.04,16.2,0.73,76,2,1
CUST-00995,37,46,4291.79,Tarjeta de Credito,533.64,30.0,0.63,12,5,0
CUST-00996,53,32,2868.06,Tarjeta de Credito,624.14,37.9,0.5,14,0,0
CUST-00997,22,79,3367.62,Microcredito,549.65,23.0,0.92,44,6,1
CUST-00998,34,80,2891.95,Tarjeta de Credito,651.83,39.2,0.67,12,3,0
CUST-00999,60,54,3471.42,Tarjeta de Credito,908.4,22.6,0.87,49,3,1
CUST-01000,60,86,1805.6,Prestamo Personal,401.44,39.7,0.72,13,5,0
